program,latitude_wgs84,longitude_wgs84,date,time,depth_to_sav_m,survey_method,rake_teeth_corr,species,rake_prop,secchi_depth_m,secchi_bottom
CSTARS,38.03108498235983,-121.61615545770636,2021-08-17,09:16:59am,0,rake_thatch,0,NA,0,1.9812,No
CSTARS,38.031306521508796,-121.61621601792399,2021-08-17,09:23:32am,0,rake_thatch,100,Najas_guadalupensis,30,1.9812,No
CSTARS,38.031306521508796,-121.61621601792399,2021-08-17,09:23:32am,0,rake_thatch,100,Egeria_densa,30,1.9812,No
CSTARS,38.031306521508796,-121.61621601792399,2021-08-17,09:23:32am,0,rake_thatch,100,Unidentified,30,1.9812,No
CSTARS,38.031306521508796,-121.61621601792399,2021-08-17,09:23:32am,0,rake_thatch,100,Unidentified,10,1.9812,No
CSTARS,38.039480173823215,-121.62470160806475,2021-08-17,09:36:12am,0,rake_thatch,100,Elodea_canadensis,30,1.6764000000000001,No
CSTARS,38.039480173823215,-121.62470160806475,2021-08-17,09:36:12am,0,rake_thatch,100,Ceratophyllum_demersum,30,1.6764000000000001,No
CSTARS,38.039480173823215,-121.62470160806475,2021-08-17,09:36:12am,0,rake_thatch,100,Najas_guadalupensis,30,1.6764000000000001,No
CSTARS,38.039480173823215,-121.62470160806475,2021-08-17,09:36:12am,0,rake_thatch,100,Myriophyllum_spicatum,20,1.6764000000000001,No
CSTARS,38.039480173823215,-121.62470160806475,2021-08-17,09:36:12am,0,rake_thatch,100,Egeria_densa,20,1.6764000000000001,No
CSTARS,38.05804185734251,-121.66924529905252,2021-08-17,09:55:23am,0,rake_thatch,100,Egeria_densa,100,1.3716000000000002,No
CSTARS,38.05804185734251,-121.66924529905252,2021-08-17,09:55:23am,0,rake_thatch,100,Najas_guadalupensis,0,1.3716000000000002,No
CSTARS,38.05532380846203,-121.66510659169859,2021-08-17,10:16:10am,0,rake_thatch,100,Egeria_densa,90,1.3716000000000002,No
CSTARS,38.05532380846203,-121.66510659169859,2021-08-17,10:16:10am,0,rake_thatch,100,Ceratophyllum_demersum,10,1.3716000000000002,No
CSTARS,38.04891936275633,-121.65471723565932,2021-08-17,10:41:12am,0,rake_thatch,0,Egeria_densa,0,1.6764000000000001,No
CSTARS,38.04891936275633,-121.65471723565932,2021-08-17,10:41:12am,0,rake_thatch,0,NA,0,1.6764000000000001,No
CSTARS,38.048694231520976,-121.65296512192553,2021-08-17,10:48:05am,0,rake_thatch,100,Egeria_densa,90,1.3716000000000002,No
CSTARS,38.048694231520976,-121.65296512192553,2021-08-17,10:48:05am,0,rake_thatch,100,Myriophyllum_spicatum,10,1.3716000000000002,No
CSTARS,38.04807518648855,-121.64904250486137,2021-08-17,10:57:42am,0,rake_thatch,100,Ceratophyllum_demersum,100,1.6764000000000001,No
CSTARS,38.04807518648855,-121.64904250486137,2021-08-17,10:57:42am,0,rake_thatch,100,Egeria_densa,0,1.6764000000000001,No
CSTARS,38.04807518648855,-121.64904250486137,2021-08-17,10:57:42am,0,rake_thatch,100,Potamogeton_richardsonii,0,1.6764000000000001,No
CSTARS,38.04807518648855,-121.64904250486137,2021-08-17,10:57:42am,0,rake_thatch,100,Algae,0,1.6764000000000001,No
CSTARS,38.04940996766099,-121.64830799858608,2021-08-17,11:04:17am,0,rake_thatch,100,Ceratophyllum_demersum,100,-30.1752,No
CSTARS,38.04940996766099,-121.64830799858608,2021-08-17,11:04:17am,0,rake_thatch,100,Egeria_densa,0,-30.1752,No
CSTARS,38.04940996766099,-121.64830799858608,2021-08-17,11:04:17am,0,rake_thatch,100,Elodea_canadensis,0,-30.1752,No
CSTARS,38.04940996766099,-121.64830799858608,2021-08-17,11:04:17am,0,rake_thatch,100,Potamogeton_richardsonii,0,-30.1752,No
CSTARS,38.051013208270604,-121.64847603350562,2021-08-17,11:13:56am,0.3048,rake_thatch,100,Elodea_canadensis,100,-30.1752,No
CSTARS,38.051013208270604,-121.64847603350562,2021-08-17,11:13:56am,0.3048,rake_thatch,100,Ceratophyllum_demersum,0,-30.1752,No
CSTARS,38.051013208270604,-121.64847603350562,2021-08-17,11:13:56am,0.3048,rake_thatch,100,Potamogeton_richardsonii,0,-30.1752,No
CSTARS,38.05271805907965,-121.64246581452053,2021-08-17,11:31:30am,0,rake_thatch,100,Elodea_canadensis,60,-30.1752,No
CSTARS,38.05271805907965,-121.64246581452053,2021-08-17,11:31:30am,0,rake_thatch,100,Ceratophyllum_demersum,40,-30.1752,No
CSTARS,38.05271805907965,-121.64246581452053,2021-08-17,11:31:30am,0,rake_thatch,100,Algae,0,-30.1752,No
CSTARS,38.056654214534596,-121.64511840587186,2021-08-17,11:42:11am,0,rake_thatch,100,Egeria_densa,100,-30.1752,No
CSTARS,38.05505090199814,-121.64105647411247,2021-08-17,11:51:40am,0,rake_thatch,30,Stuckenia_pectinata,100,0.9144000000000001,No
CSTARS,38.05505090199814,-121.64105647411247,2021-08-17,11:51:40am,0,rake_thatch,30,Algae,0,0.9144000000000001,No
CSTARS,38.05312795887485,-121.64096601425292,2021-08-17,11:55:24am,0,rake_thatch,100,Egeria_densa,100,1.0668,No
CSTARS,38.05120697756854,-121.63318775553728,2021-08-17,12:01:58pm,0.1524,rake_thatch,100,Egeria_densa,100,1.3716000000000002,No
CSTARS,38.05120697756854,-121.63318775553728,2021-08-17,12:01:58pm,0.1524,rake_thatch,100,Elodea_canadensis,0,1.3716000000000002,No
CSTARS,38.05120697756854,-121.63318775553728,2021-08-17,12:01:58pm,0.1524,rake_thatch,100,Potamogeton_crispus,0,1.3716000000000002,No
CSTARS,38.04778492335788,-121.63026262158209,2021-08-17,12:14:06pm,0,rake_thatch,100,Ceratophyllum_demersum,70,1.524,No
CSTARS,38.04778492335788,-121.63026262158209,2021-08-17,12:14:06pm,0,rake_thatch,100,Najas_guadalupensis,30,1.524,No
CSTARS,38.047864755530306,-121.62834009620813,2021-08-17,12:26:50pm,0,rake_thatch,100,Egeria_densa,100,-30.1752,No
CSTARS,38.05137378125542,-121.62821505626368,2021-08-17,12:33:41pm,0,rake_thatch,100,Egeria_densa,100,1.6459200000000003,No
CSTARS,38.05068991952034,-121.62549679886767,2021-08-17,12:39:25pm,0,rake_thatch,100,Egeria_densa,100,1.3716000000000002,No
CSTARS,38.05068991952034,-121.62549679886767,2021-08-17,12:39:25pm,0,rake_thatch,100,Potamogeton_richardsonii,0,1.3716000000000002,No
CSTARS,38.0485999719473,-121.62438275337877,2021-08-17,12:51:09pm,0.1524,rake_thatch,30,Egeria_densa,30,1.6764000000000001,No
CSTARS,38.0485999719473,-121.62438275337877,2021-08-17,12:51:09pm,0.1524,rake_thatch,30,Stuckenia_pectinata,30,1.6764000000000001,No
CSTARS,38.0485999719473,-121.62438275337877,2021-08-17,12:51:09pm,0.1524,rake_thatch,30,Myriophyllum_spicatum,30,1.6764000000000001,No
CSTARS,38.045854046238226,-121.62661387748398,2021-08-17,01:07:24pm,0,rake_thatch,50,Ceratophyllum_demersum,50,-30.1752,No
CSTARS,38.045854046238226,-121.62661387748398,2021-08-17,01:07:24pm,0,rake_thatch,50,Potamogeton_richardsonii,30,-30.1752,No
CSTARS,38.045854046238226,-121.62661387748398,2021-08-17,01:07:24pm,0,rake_thatch,50,Stuckenia_pectinata,20,-30.1752,No
CSTARS,38.045854046238226,-121.62661387748398,2021-08-17,01:07:24pm,0,rake_thatch,50,Algae,0,-30.1752,No
CSTARS,38.04300960614016,-121.62265354560485,2021-08-17,01:19:16pm,0,rake_thatch,100,Najas_guadalupensis,80,-30.1752,No
CSTARS,38.04300960614016,-121.62265354560485,2021-08-17,01:19:16pm,0,rake_thatch,100,Myriophyllum_spicatum,10,-30.1752,No
CSTARS,38.04300960614016,-121.62265354560485,2021-08-17,01:19:16pm,0,rake_thatch,100,Potamogeton_richardsonii,10,-30.1752,No
CSTARS,38.04300960614016,-121.62265354560485,2021-08-17,01:19:16pm,0,rake_thatch,100,Algae,0,-30.1752,No
CSTARS,38.04091998824493,-121.62068036899723,2021-08-17,01:32:16pm,0,rake_thatch,100,Stuckenia_pectinata,90,-30.1752,No
CSTARS,38.04091998824493,-121.62068036899723,2021-08-17,01:32:16pm,0,rake_thatch,100,Myriophyllum_spicatum,0,-30.1752,No
CSTARS,38.04091998824493,-121.62068036899723,2021-08-17,01:32:16pm,0,rake_thatch,100,Ceratophyllum_demersum,0,-30.1752,No
CSTARS,38.1097335189622,-121.57761611735714,2021-07-13,11:11:57am,0.3048,rake_thatch,20,Stuckenia_pectinata,100,1.524,No
CSTARS,38.109031186106954,-121.57462455046347,2021-07-13,11:22:19am,0,rake_thatch,100,Najas_guadalupensis,100,0.9144000000000001,Yes
CSTARS,38.108842749404744,-121.57461460561665,2021-07-13,11:27:49am,0,rake_thatch,0,NA,0,2.286,No
CSTARS,38.108842749404744,-121.57461460561665,2021-07-13,11:27:49am,0,rake_thatch,0,NA,NA,2.286,No
CSTARS,38.10729045669105,-121.56853032915302,2021-07-13,11:32:15am,0.9144000000000001,rake_thatch,80,Najas_guadalupensis,70,1.9812,No
CSTARS,38.10729045669105,-121.56853032915302,2021-07-13,11:32:15am,0.9144000000000001,rake_thatch,80,Egeria_densa,20,1.9812,No
CSTARS,38.105758370573376,-121.60263350117565,2021-07-13,12:07:22pm,0,rake_thatch,0,NA,0,-30.1752,No
CSTARS,38.105758370573376,-121.60263350117565,2021-07-13,12:07:22pm,0,rake_thatch,0,NA,NA,-30.1752,No
CSTARS,38.076202793509324,-121.64683507102366,2021-07-13,12:26:41pm,0,rake_thatch,50,Potamogeton_crispus,80,0.762,No
CSTARS,38.076202793509324,-121.64683507102366,2021-07-13,12:26:41pm,0,rake_thatch,50,Egeria_densa,20,0.762,No
CSTARS,38.093908650502264,-121.59030451923044,2021-07-13,01:55:28pm,0,rake_thatch,100,Egeria_densa,100,1.0668,No
CSTARS,38.09393891025558,-121.5900684535881,2021-07-13,01:59:03pm,0,rake_thatch,0,NA,0,1.0668,No
CSTARS,38.09393891025558,-121.5900684535881,2021-07-13,01:59:03pm,0,rake_thatch,0,NA,NA,1.0668,No
CSTARS,38.10046671339447,-121.56488576653551,2021-07-13,02:10:02pm,0,rake_thatch,80,Egeria_densa,100,1.524,No
CSTARS,38.119905454588206,-121.58513274222186,2021-07-13,02:26:29pm,0,rake_thatch,100,Potamogeton_crispus,100,0.762,Yes
CSTARS,38.119905454588206,-121.58513274222186,2021-07-13,02:26:29pm,0,rake_thatch,100,Elodea_canadensis,0,0.762,Yes
CSTARS,38.11980368312402,-121.58439760325565,2021-07-13,02:30:38pm,0,rake_thatch,0,NA,0,1.6764000000000001,No
CSTARS,38.11980368312402,-121.58439760325565,2021-07-13,02:30:38pm,0,rake_thatch,0,NA,NA,1.6764000000000001,No
CSTARS,38.045112424018484,-121.52811984455896,2021-07-14,09:04:24am,0,rake_thatch,100,Myriophyllum_spicatum,80,0.45720000000000005,No
CSTARS,38.045112424018484,-121.52811984455896,2021-07-14,09:04:24am,0,rake_thatch,100,Egeria_densa,20,0.45720000000000005,No
CSTARS,38.04495224375501,-121.5278860511356,2021-07-14,09:07:39am,0,rake_thatch,80,Egeria_densa,100,0.762,No
CSTARS,38.04423622981009,-121.52675952243176,2021-07-14,09:13:34am,0.9144000000000001,rake_thatch,100,Myriophyllum_spicatum,30,1.0668,No
CSTARS,38.04423622981009,-121.52675952243176,2021-07-14,09:13:34am,0.9144000000000001,rake_thatch,100,Najas_guadalupensis,30,1.0668,No
CSTARS,38.04423622981009,-121.52675952243176,2021-07-14,09:13:34am,0.9144000000000001,rake_thatch,100,Egeria_densa,20,1.0668,No
CSTARS,38.04423622981009,-121.52675952243176,2021-07-14,09:13:34am,0.9144000000000001,rake_thatch,100,Elodea_canadensis,20,1.0668,No
CSTARS,38.0514445400044,-121.52313020462911,2021-07-14,09:22:06am,1.2192,rake_thatch,100,Ceratophyllum_demersum,90,1.524,No
CSTARS,38.0514445400044,-121.52313020462911,2021-07-14,09:22:06am,1.2192,rake_thatch,100,Egeria_densa,10,1.524,No
CSTARS,38.04655372344958,-121.52741636437898,2021-07-14,09:32:56am,2.1336,rake_thatch,10,Ceratophyllum_demersum,100,2.286,No
CSTARS,38.04541635950039,-121.5296767297198,2021-07-14,09:46:25am,1.0668,rake_thatch,100,Algae,100,1.0668,No
CSTARS,38.04807406184595,-121.527962835257,2021-07-14,09:51:45am,0,rake_thatch,100,Najas_guadalupensis,60,2.286,No
CSTARS,38.04807406184595,-121.527962835257,2021-07-14,09:51:45am,0,rake_thatch,100,Potamogeton_crispus,40,2.286,No
CSTARS,38.049495798327946,-121.52699073074041,2021-07-14,10:02:51am,1.8288000000000002,rake_thatch,20,Egeria_densa,90,1.9812,No
CSTARS,38.049495798327946,-121.52699073074041,2021-07-14,10:02:51am,1.8288000000000002,rake_thatch,20,Ceratophyllum_demersum,10,1.9812,No
CSTARS,38.05059118257577,-121.52586002802533,2021-07-14,10:05:41am,1.8288000000000002,rake_thatch,10,Egeria_densa,100,1.9812,No
CSTARS,38.05078409897542,-121.52662356309114,2021-07-14,10:08:23am,0.45720000000000005,rake_thatch,100,Egeria_densa,80,0.9144000000000001,No
CSTARS,38.05078409897542,-121.52662356309114,2021-07-14,10:08:23am,0.45720000000000005,rake_thatch,100,Ceratophyllum_demersum,10,0.9144000000000001,No
CSTARS,38.05078409897542,-121.52662356309114,2021-07-14,10:08:23am,0.45720000000000005,rake_thatch,100,Najas_guadalupensis,10,0.9144000000000001,No
CSTARS,38.05250998833785,-121.5303773410893,2021-07-14,10:13:29am,0,rake_thatch,100,Myriophyllum_spicatum,100,-30.1752,No
CSTARS,38.05305890886877,-121.5297629056843,2021-07-14,10:16:48am,1.2192,rake_thatch,0,NA,0,-30.1752,No
CSTARS,38.053729167058535,-121.52898446447385,2021-07-14,10:19:45am,0,rake_thatch,0,NA,0,1.8288000000000002,No
CSTARS,38.04103198804178,-121.5283563022802,2021-07-14,10:26:40am,1.524,rake_thatch,80,Egeria_densa,100,1.2192,No
CSTARS,38.041356308682424,-121.52771955562729,2021-07-14,10:29:51am,0,rake_thatch,0,NA,0,1.524,No
CSTARS,38.038723638211295,-121.52704360300386,2021-07-14,10:32:38am,0,rake_thatch,0,NA,0,-30.1752,No
CSTARS,38.00817963447978,-121.5143348124112,2021-07-14,11:01:20am,0.6096,rake_thatch,70,Ceratophyllum_demersum,50,1.3716000000000002,No
CSTARS,38.00817963447978,-121.5143348124112,2021-07-14,11:01:20am,0.6096,rake_thatch,70,Egeria_densa,50,1.3716000000000002,No
CSTARS,38.00949673026688,-121.5151036410954,2021-07-14,11:06:56am,2.1336,rake_thatch,100,Egeria_densa,90,1.8288000000000002,No
CSTARS,38.00949673026688,-121.5151036410954,2021-07-14,11:06:56am,2.1336,rake_thatch,100,Ceratophyllum_demersum,10,1.8288000000000002,No
CSTARS,38.009281803076505,-121.5140838691035,2021-07-14,11:10:19am,1.2192,rake_thatch,100,Egeria_densa,70,1.8288000000000002,No
CSTARS,38.009281803076505,-121.5140838691035,2021-07-14,11:10:19am,1.2192,rake_thatch,100,Ceratophyllum_demersum,30,1.8288000000000002,No
CSTARS,38.009366048431716,-121.51322128323358,2021-07-14,11:13:44am,0,rake_thatch,100,Egeria_densa,100,1.0668,No
CSTARS,38.00818771419233,-121.51252974700517,2021-07-14,11:17:15am,0.9144000000000001,rake_thatch,100,Ceratophyllum_demersum,100,1.0668,No
CSTARS,38.00935651674745,-121.51223411215943,2021-07-14,11:21:14am,0.3048,rake_thatch,100,Egeria_densa,100,0.9144000000000001,No
CSTARS,38.0092584951595,-121.5112526040932,2021-07-14,11:26:30am,0,rake_thatch,100,Egeria_densa,100,0.9144000000000001,No
CSTARS,38.00830175106476,-121.51059109459106,2021-07-14,11:30:19am,0.9144000000000001,rake_thatch,100,Egeria_densa,100,1.524,No
CSTARS,38.00860723670216,-121.5094050186458,2021-07-14,11:33:00am,0,rake_thatch,0,NA,0,1.524,No
CSTARS,37.99579714818939,-121.50996818179802,2021-07-14,11:57:01am,0,rake_thatch,100,Ceratophyllum_demersum,80,-30.1752,No
CSTARS,37.99579714818939,-121.50996818179802,2021-07-14,11:57:01am,0,rake_thatch,100,Egeria_densa,20,-30.1752,No
CSTARS,37.99622422200741,-121.51054123367942,2021-07-14,12:01:56pm,0,rake_thatch,0,NA,0,1.9812,No
CSTARS,37.99699751743797,-121.52110812205379,2021-07-14,12:43:32pm,1.8288000000000002,rake_thatch,50,Ceratophyllum_demersum,100,1.524,No
CSTARS,37.996867245133664,-121.52379031735829,2021-07-14,12:49:18pm,0.9144000000000001,rake_thatch,30,Potamogeton_crispus,80,1.524,No
CSTARS,37.996867245133664,-121.52379031735829,2021-07-14,12:49:18pm,0.9144000000000001,rake_thatch,30,Ceratophyllum_demersum,20,1.524,No
CSTARS,37.992531394874035,-121.52077029151711,2021-07-14,12:53:19pm,0,rake_thatch,0,NA,0,1.9812,No
CSTARS,37.98946505225816,-121.51811237109479,2021-07-14,12:56:20pm,0,rake_thatch,0,NA,0,1.6764000000000001,No
CSTARS,37.98843117690343,-121.51554665002031,2021-07-14,01:02:12pm,1.8288000000000002,rake_thatch,80,Ceratophyllum_demersum,90,1.6764000000000001,No
CSTARS,37.98843117690343,-121.51554665002031,2021-07-14,01:02:12pm,1.8288000000000002,rake_thatch,80,Egeria_densa,10,1.6764000000000001,No
CSTARS,37.99279276529263,-121.52623360225255,2021-07-14,01:08:20pm,0.9144000000000001,rake_thatch,100,Ceratophyllum_demersum,90,1.524,No
CSTARS,37.99279276529263,-121.52623360225255,2021-07-14,01:08:20pm,0.9144000000000001,rake_thatch,100,Egeria_densa,10,1.524,No
CSTARS,37.98772996031584,-121.52368354514982,2021-07-14,01:18:24pm,0,rake_thatch,0,NA,0,1.8288000000000002,No
CSTARS,37.982473298726504,-121.52614833347411,2021-07-14,01:22:27pm,0,rake_thatch,0,NA,0,2.1336,No
CSTARS,37.98133132567409,-121.51934477181737,2021-07-14,01:26:55pm,0,rake_thatch,0,NA,0,1.524,No
CSTARS,37.97577346526111,-121.51548552679968,2021-07-14,01:33:46pm,0.1524,rake_thatch,100,Egeria_densa,70,0.9144000000000001,No
CSTARS,37.97577346526111,-121.51548552679968,2021-07-14,01:33:46pm,0.1524,rake_thatch,100,Ceratophyllum_demersum,30,0.9144000000000001,No
CSTARS,37.975336047836166,-121.51550682813316,2021-07-14,01:37:51pm,0,rake_thatch,0,NA,0,1.3716000000000002,No
CSTARS,37.97263919896654,-121.51662014564232,2021-07-14,01:41:30pm,1.8288000000000002,rake_thatch,50,Egeria_densa,80,1.6764000000000001,No
CSTARS,37.97263919896654,-121.51662014564232,2021-07-14,01:41:30pm,1.8288000000000002,rake_thatch,50,Ceratophyllum_demersum,20,1.6764000000000001,No
CSTARS,37.971710018049976,-121.53305288152008,2021-07-14,01:46:54pm,2.286,rake_thatch,100,Ceratophyllum_demersum,50,2.1336,No
CSTARS,37.971710018049976,-121.53305288152008,2021-07-14,01:46:54pm,2.286,rake_thatch,100,Egeria_densa,50,2.1336,No
CSTARS,37.971346100636744,-121.53459310808165,2021-07-14,01:51:23pm,0,rake_thatch,100,Ceratophyllum_demersum,50,0.45720000000000005,No
CSTARS,37.971346100636744,-121.53459310808165,2021-07-14,01:51:23pm,0,rake_thatch,100,Najas_guadalupensis,50,0.45720000000000005,No
CSTARS,37.97446753082206,-121.52834091100024,2021-07-14,01:56:25pm,0,rake_thatch,0,NA,0,1.8288000000000002,No
CSTARS,37.9720375805835,-121.50198453092695,2021-07-14,02:02:53pm,0,rake_thatch,100,Egeria_densa,100,-30.1752,No
CSTARS,37.97204831841005,-121.50194241736642,2021-07-14,02:04:46pm,0,rake_thatch,0,NA,0,-30.1752,No
CSTARS,37.97193289928879,-121.50180728329862,2021-07-14,02:08:03pm,0,rake_thatch,0,NA,0,1.9812,No
CSTARS,37.97113811315346,-121.49983818486017,2021-07-14,02:10:06pm,0,rake_thatch,20,Egeria_densa,100,-30.1752,No
CSTARS,37.971195224205715,-121.4997209692222,2021-07-14,02:11:52pm,0,rake_thatch,0,NA,0,1.2192,No
CSTARS,38.29437345018036,-121.66225615846506,2021-07-15,09:54:37am,0,rake_thatch,50,Potamogeton_crispus,100,0.762,No
CSTARS,38.29434731178743,-121.66436962034967,2021-07-15,09:58:05am,0.9144000000000001,rake_thatch,100,Ceratophyllum_demersum,70,0.6096,No
CSTARS,38.29434731178743,-121.66436962034967,2021-07-15,09:58:05am,0.9144000000000001,rake_thatch,100,Potamogeton_crispus,30,0.6096,No
CSTARS,38.2974407975507,-121.664554716182,2021-07-15,10:07:29am,0.762,rake_thatch,100,Myriophyllum_spicatum,80,0.6096,No
CSTARS,38.2974407975507,-121.664554716182,2021-07-15,10:07:29am,0.762,rake_thatch,100,Ceratophyllum_demersum,20,0.6096,No
CSTARS,38.30997822352013,-121.66918633249168,2021-07-15,10:21:56am,0.6096,rake_thatch,50,Myriophyllum_spicatum,70,0.45720000000000005,No
CSTARS,38.30997822352013,-121.66918633249168,2021-07-15,10:21:56am,0.6096,rake_thatch,50,Potamogeton_crispus,30,0.45720000000000005,No
CSTARS,38.311380879601714,-121.66837070511546,2021-07-15,10:32:00am,0.9144000000000001,rake_thatch,50,Myriophyllum_spicatum,50,0.762,No
CSTARS,38.311380879601714,-121.66837070511546,2021-07-15,10:32:00am,0.9144000000000001,rake_thatch,50,Ceratophyllum_demersum,30,0.762,No
CSTARS,38.311380879601714,-121.66837070511546,2021-07-15,10:32:00am,0.9144000000000001,rake_thatch,50,Myriophyllum_spicatum,20,0.762,No
CSTARS,38.30574081246599,-121.67100876642255,2021-07-15,10:50:22am,0.3048,rake_thatch,100,Potamogeton_crispus,50,0.6096,No
CSTARS,38.30574081246599,-121.67100876642255,2021-07-15,10:50:22am,0.3048,rake_thatch,100,Najas_guadalupensis,40,0.6096,No
CSTARS,38.30574081246599,-121.67100876642255,2021-07-15,10:50:22am,0.3048,rake_thatch,100,Ceratophyllum_demersum,10,0.6096,No
CSTARS,38.300878754452576,-121.6739050912704,2021-07-15,11:04:10am,0.3048,rake_thatch,100,Najas_guadalupensis,90,-30.1752,No
CSTARS,38.300878754452576,-121.6739050912704,2021-07-15,11:04:10am,0.3048,rake_thatch,100,Potamogeton_crispus,10,-30.1752,No
CSTARS,38.295497654556144,-121.673481835307,2021-07-15,11:13:09am,0.6096,rake_thatch,100,Stuckenia_pectinata,100,0.45720000000000005,No
CSTARS,38.295513482628635,-121.6703636964889,2021-07-15,11:20:32am,0.6096,rake_thatch,100,Stuckenia_pectinata,100,0.45720000000000005,No
CSTARS,38.25391621010722,-121.67227180078814,2021-07-15,01:03:20pm,0,rake_thatch,100,Ceratophyllum_demersum,90,0.6096,No
CSTARS,38.25391621010722,-121.67227180078814,2021-07-15,01:03:20pm,0,rake_thatch,100,Egeria_densa,10,0.6096,No
CSTARS,38.253843692973895,-121.67223294877202,2021-07-15,01:07:29pm,0,rake_thatch,0,NA,0,-30.1752,No
CSTARS,38.25384379127684,-121.6721946495632,2021-07-15,01:09:49pm,0,rake_thatch,0,NA,0,0.6096,No
CSTARS,38.24215947187044,-121.67809943082334,2021-07-15,01:15:01pm,0,rake_thatch,100,Ceratophyllum_demersum,20,0.45720000000000005,Yes
CSTARS,38.24215947187044,-121.67809943082334,2021-07-15,01:15:01pm,0,rake_thatch,100,Egeria_densa,20,0.45720000000000005,Yes
CSTARS,38.24215947187044,-121.67809943082334,2021-07-15,01:15:01pm,0,rake_thatch,100,Myriophyllum_spicatum,20,0.45720000000000005,Yes
CSTARS,38.24215947187044,-121.67809943082334,2021-07-15,01:15:01pm,0,rake_thatch,100,Elodea_canadensis,20,0.45720000000000005,Yes
CSTARS,38.24208108198318,-121.67712504607158,2021-07-15,01:18:37pm,0.9144000000000001,rake_thatch,100,Egeria_densa,100,0.762,No
CSTARS,38.23705144432355,-121.67847623283069,2021-07-15,01:30:23pm,0,rake_thatch,100,Potamogeton_crispus,70,0.6096,Yes
CSTARS,38.23705144432355,-121.67847623283069,2021-07-15,01:30:23pm,0,rake_thatch,100,Myriophyllum_spicatum,30,0.6096,Yes
CSTARS,38.025794611627795,-121.61082407168978,2021-07-20,09:38:06am,0,rake_thatch,100,Unidentified,90,-30.1752,No
CSTARS,38.025794611627795,-121.61082407168978,2021-07-20,09:38:06am,0,rake_thatch,100,Egeria_densa,10,-30.1752,No
CSTARS,38.02525832533188,-121.61094717201836,2021-07-20,09:45:31am,0.6096,rake_thatch,100,Unidentified,100,1.3716000000000002,No
CSTARS,38.01973843781592,-121.60321584565976,2021-07-20,10:13:23am,0,rake_thatch,100,Unidentified,80,-30.1752,No
CSTARS,38.01973843781592,-121.60321584565976,2021-07-20,10:13:23am,0,rake_thatch,100,Egeria_densa,20,-30.1752,No
CSTARS,38.019934496311656,-121.60309580994712,2021-07-20,10:18:41am,0,rake_thatch,0,NA,0,1.0668,No
CSTARS,38.019934496311656,-121.60309580994712,2021-07-20,10:18:41am,0,rake_thatch,0,NA,NA,1.0668,No
CSTARS,38.0104533301715,-121.61652801197476,2021-07-20,10:48:41am,0,rake_thatch,100,Egeria_densa,100,-30.1752,No
CSTARS,38.01040022579917,-121.6166578614098,2021-07-20,10:51:14am,0,rake_thatch,0,NA,0,-30.1752,No
CSTARS,38.01040022579917,-121.6166578614098,2021-07-20,10:51:14am,0,rake_thatch,0,NA,NA,-30.1752,No
CSTARS,38.01033676489075,-121.61676002096526,2021-07-20,10:53:25am,0,rake_thatch,0,NA,0,0.9144000000000001,No
CSTARS,38.01033676489075,-121.61676002096526,2021-07-20,10:53:25am,0,rake_thatch,0,NA,NA,0.9144000000000001,No
CSTARS,38.012760936923094,-121.64611637520291,2021-07-20,11:32:10am,0,rake_thatch,100,Egeria_densa,100,-30.1752,No
CSTARS,38.01262436646192,-121.6459623290911,2021-07-20,11:34:06am,0,rake_thatch,0,NA,0,1.0668,No
CSTARS,38.01262436646192,-121.6459623290911,2021-07-20,11:34:06am,0,rake_thatch,0,NA,NA,1.0668,No
CSTARS,38.01695735352214,-121.64885515473024,2021-07-20,11:40:47am,0,rake_thatch,0,NA,0,0.762,No
CSTARS,38.01695735352214,-121.64885515473024,2021-07-20,11:40:47am,0,rake_thatch,0,NA,NA,0.762,No
CSTARS,38.01729356806255,-121.65207600852898,2021-07-20,11:44:24am,0.45720000000000005,rake_thatch,70,Egeria_densa,80,0.762,No
CSTARS,38.01729356806255,-121.65207600852898,2021-07-20,11:44:24am,0.45720000000000005,rake_thatch,70,Ceratophyllum_demersum,20,0.762,No
CSTARS,38.01761375832561,-121.65205028711563,2021-07-20,11:48:06am,0,rake_thatch,0,NA,0,0.6096,No
CSTARS,38.01761375832561,-121.65205028711563,2021-07-20,11:48:06am,0,rake_thatch,0,NA,NA,0.6096,No
CSTARS,38.02033236391424,-121.65717256242765,2021-07-20,11:54:20am,0,rake_thatch,100,Egeria_densa,90,-30.1752,No
CSTARS,38.02033236391424,-121.65717256242765,2021-07-20,11:54:20am,0,rake_thatch,100,Ceratophyllum_demersum,10,-30.1752,No
CSTARS,38.020497664426216,-121.65694907072944,2021-07-20,11:57:25am,1.2192,rake_thatch,100,Egeria_densa,100,1.0668,No
CSTARS,38.022763221853694,-121.6593020440373,2021-07-20,12:02:51pm,0,rake_thatch,100,Ceratophyllum_demersum,70,-30.1752,No
CSTARS,38.022763221853694,-121.6593020440373,2021-07-20,12:02:51pm,0,rake_thatch,100,Egeria_densa,30,-30.1752,No
CSTARS,38.02277151410634,-121.65886202339719,2021-07-20,12:05:44pm,0,rake_thatch,0,NA,0,0.762,No
CSTARS,38.02277151410634,-121.65886202339719,2021-07-20,12:05:44pm,0,rake_thatch,0,NA,NA,0.762,No
CSTARS,38.00763085734677,-121.62687989368929,2021-07-20,12:35:18pm,0,rake_thatch,100,Egeria_densa,80,-30.1752,No
CSTARS,38.00763085734677,-121.62687989368929,2021-07-20,12:35:18pm,0,rake_thatch,100,Elodea_canadensis,20,-30.1752,No
CSTARS,38.00767300371043,-121.62686489242562,2021-07-20,12:37:47pm,0,rake_thatch,0,NA,0,0.9144000000000001,No
CSTARS,38.00767300371043,-121.62686489242562,2021-07-20,12:37:47pm,0,rake_thatch,0,NA,NA,0.9144000000000001,No
CSTARS,37.99557423728088,-121.62378061675358,2021-07-20,01:27:56pm,0.6096,rake_thatch,100,Ceratophyllum_demersum,70,-30.1752,No
CSTARS,37.99557423728088,-121.62378061675358,2021-07-20,01:27:56pm,0.6096,rake_thatch,100,Egeria_densa,30,-30.1752,No
CSTARS,37.99539229885022,-121.62348352384926,2021-07-20,01:32:32pm,0,rake_thatch,0,NA,0,0.9144000000000001,No
CSTARS,37.99539229885022,-121.62348352384926,2021-07-20,01:32:32pm,0,rake_thatch,0,NA,NA,0.9144000000000001,No
CSTARS,38.02455425700785,-121.59881348315906,2021-07-20,01:57:21pm,0,rake_thatch,100,Elodea_canadensis,60,-30.1752,No
CSTARS,38.02455425700785,-121.59881348315906,2021-07-20,01:57:21pm,0,rake_thatch,100,Ceratophyllum_demersum,40,-30.1752,No
CSTARS,38.024535262943495,-121.59954893351157,2021-07-20,02:03:03pm,1.0668,rake_thatch,100,Elodea_canadensis,80,0.9144000000000001,No
CSTARS,38.024535262943495,-121.59954893351157,2021-07-20,02:03:03pm,1.0668,rake_thatch,100,Egeria_densa,20,0.9144000000000001,No
CSTARS,38.023167585871526,-121.5981951979264,2021-07-20,02:14:31pm,0,rake_thatch,100,Potamogeton_nodosus,60,-30.1752,No
CSTARS,38.023167585871526,-121.5981951979264,2021-07-20,02:14:31pm,0,rake_thatch,100,Egeria_densa,40,-30.1752,No
CSTARS,38.02308877027779,-121.59816842330369,2021-07-20,02:17:58pm,0,rake_thatch,0,NA,0,0.762,No
CSTARS,38.02308877027779,-121.59816842330369,2021-07-20,02:17:58pm,0,rake_thatch,0,NA,NA,0.762,No
CSTARS,38.2290702975203,-121.4939650187977,2021-07-21,08:22:46am,0.762,rake_thatch,50,Egeria_densa,80,1.0668,Yes
CSTARS,38.2290702975203,-121.4939650187977,2021-07-21,08:22:46am,0.762,rake_thatch,50,Myriophyllum_spicatum,20,1.0668,Yes
CSTARS,38.22891229363191,-121.4942522688833,2021-07-21,08:26:15am,0,rake_thatch,0,NA,0,1.6764000000000001,No
CSTARS,38.234111526356145,-121.49659744859544,2021-07-21,08:30:11am,0.762,rake_thatch,100,Egeria_densa,100,1.2192,Yes
CSTARS,38.23405158643746,-121.4963862514066,2021-07-21,08:32:30am,1.9812,rake_thatch,100,Egeria_densa,100,1.8288000000000002,No
CSTARS,38.23396295389848,-121.49635519473054,2021-07-21,08:35:54am,0,rake_thatch,0,NA,0,-30.1752,No
CSTARS,38.236333354024346,-121.49723793186027,2021-07-21,08:38:58am,0.45720000000000005,rake_thatch,100,Egeria_densa,90,0,No
CSTARS,38.236333354024346,-121.49723793186027,2021-07-21,08:38:58am,0.45720000000000005,rake_thatch,100,Ceratophyllum_demersum,10,0,No
CSTARS,38.23954004716596,-121.49732985925226,2021-07-21,08:44:45am,0,rake_thatch,100,Egeria_densa,60,-30.1752,No
CSTARS,38.23954004716596,-121.49732985925226,2021-07-21,08:44:45am,0,rake_thatch,100,Ceratophyllum_demersum,40,-30.1752,No
CSTARS,38.23955104311148,-121.49707877041209,2021-07-21,08:47:09am,0,rake_thatch,0,NA,0,1.8288000000000002,No
CSTARS,38.24955134697224,-121.4991457618315,2021-07-21,08:53:29am,0.9144000000000001,rake_thatch,70,Ceratophyllum_demersum,90,1.8288000000000002,Yes
CSTARS,38.24955134697224,-121.4991457618315,2021-07-21,08:53:29am,0.9144000000000001,rake_thatch,70,Egeria_densa,10,1.8288000000000002,Yes
CSTARS,38.24949593456222,-121.49897958761771,2021-07-21,08:56:11am,0,rake_thatch,0,NA,0,1.8288000000000002,No
CSTARS,38.26886265810627,-121.49669506967062,2021-07-21,09:10:12am,0,rake_thatch,100,Egeria_densa,100,-30.1752,No
CSTARS,38.2686909674649,-121.49657421970943,2021-07-21,09:12:56am,0,rake_thatch,0,NA,0,1.2192,No
CSTARS,38.27001660705755,-121.49901920265845,2021-07-21,09:18:43am,0.6096,rake_thatch,0,NA,0,1.3716000000000002,No
CSTARS,38.26991869770545,-121.49869761880014,2021-07-21,09:21:54am,0,rake_thatch,0,NA,0,1.6764000000000001,No
CSTARS,38.26225295038757,-121.50735656682872,2021-07-21,09:35:05am,0,rake_thatch,100,Egeria_densa,50,-30.1752,No
CSTARS,38.26225295038757,-121.50735656682872,2021-07-21,09:35:05am,0,rake_thatch,100,Ceratophyllum_demersum,50,-30.1752,No
CSTARS,38.267732407564516,-121.5017328752258,2021-07-21,09:46:30am,0,rake_thatch,100,Ceratophyllum_demersum,100,-30.1752,No
CSTARS,38.26788810365963,-121.50171169565904,2021-07-21,09:49:42am,0,rake_thatch,0,NA,0,1.6764000000000001,No
CSTARS,38.272545454023906,-121.49555121396183,2021-07-21,09:59:42am,0,rake_thatch,100,Egeria_densa,60,-30.1752,No
CSTARS,38.272545454023906,-121.49555121396183,2021-07-21,09:59:42am,0,rake_thatch,100,Ceratophyllum_demersum,40,-30.1752,No
CSTARS,38.27341966778782,-121.49712200624415,2021-07-21,10:15:16am,0,rake_thatch,100,Ceratophyllum_demersum,90,-30.1752,No
CSTARS,38.27341966778782,-121.49712200624415,2021-07-21,10:15:16am,0,rake_thatch,100,Egeria_densa,10,-30.1752,No
CSTARS,38.273107709021176,-121.49737956372181,2021-07-21,10:20:18am,0,rake_thatch,0,NA,0,1.2192,No
CSTARS,38.28204400791672,-121.50023921445595,2021-07-21,10:25:10am,0,rake_thatch,100,Ceratophyllum_demersum,80,-30.1752,No
CSTARS,38.28204400791672,-121.50023921445595,2021-07-21,10:25:10am,0,rake_thatch,100,Egeria_densa,20,-30.1752,No
CSTARS,38.281913554299784,-121.50028294292709,2021-07-21,10:28:07am,0,rake_thatch,0,NA,0,1.0668,No
CSTARS,38.28610533362979,-121.50340692282676,2021-07-21,10:40:30am,0,rake_thatch,100,Myriophyllum_spicatum,50,-30.1752,No
CSTARS,38.28610533362979,-121.50340692282676,2021-07-21,10:40:30am,0,rake_thatch,100,Egeria_densa,40,-30.1752,No
CSTARS,38.28610533362979,-121.50340692282676,2021-07-21,10:40:30am,0,rake_thatch,100,Ceratophyllum_demersum,10,-30.1752,No
CSTARS,38.285877414235685,-121.50439651842288,2021-07-21,10:43:31am,0,rake_thatch,0,NA,0,1.0668,No
CSTARS,38.29290940425189,-121.5072224628271,2021-07-21,10:54:40am,0,rake_thatch,100,Egeria_densa,50,-30.1752,No
CSTARS,38.29290940425189,-121.5072224628271,2021-07-21,10:54:40am,0,rake_thatch,100,Ceratophyllum_demersum,50,-30.1752,No
CSTARS,38.293066869309506,-121.50745284551051,2021-07-21,10:58:58am,0,rake_thatch,0,NA,0,1.2192,No
CSTARS,38.30895205261739,-121.51140405344698,2021-07-21,11:10:01am,0.1524,rake_thatch,40,Egeria_densa,100,1.2192,No
CSTARS,38.309029939177826,-121.51148912019997,2021-07-21,11:13:08am,0,rake_thatch,0,NA,0,1.524,No
CSTARS,38.30674298113466,-121.51095235611182,2021-07-21,11:17:29am,0,rake_thatch,100,Ceratophyllum_demersum,100,-30.1752,No
CSTARS,38.30665579140879,-121.51118436100822,2021-07-21,11:21:28am,0,rake_thatch,0,NA,0,1.524,No
CSTARS,38.26825999302289,-121.48976535234051,2021-07-21,11:38:23am,0,rake_thatch,100,Ceratophyllum_demersum,90,-30.1752,No
CSTARS,38.26834936053707,-121.48980509774614,2021-07-21,11:40:23am,0,rake_thatch,0,NA,0,1.0668,No
CSTARS,38.26839234717706,-121.48411536692679,2021-07-21,11:44:48am,0,rake_thatch,100,Ceratophyllum_demersum,80,-30.1752,No
CSTARS,38.26839234717706,-121.48411536692679,2021-07-21,11:44:48am,0,rake_thatch,100,Egeria_densa,20,-30.1752,No
CSTARS,38.26844853668062,-121.48412592669858,2021-07-21,11:46:58am,0,rake_thatch,0,NA,0,1.0668,No
CSTARS,38.269801530781656,-121.45719038316159,2021-07-21,11:57:03am,0,rake_thatch,100,Cabomba_caroliniana,100,-30.1752,No
CSTARS,38.27004886027596,-121.4572077371822,2021-07-21,12:02:05pm,0,rake_thatch,0,NA,0,1.2192,No
CSTARS,38.27701078349442,-121.45353447328988,2021-07-21,12:45:24pm,0.3048,rake_thatch,100,Cabomba_caroliniana,100,-30.1752,No
CSTARS,38.277375343288206,-121.45202250493935,2021-07-21,12:48:14pm,0,rake_thatch,0,NA,0,-30.1752,No
CSTARS,38.26930560882803,-121.46343126179802,2021-07-21,01:09:40pm,0,rake_thatch,100,Ceratophyllum_demersum,100,-30.1752,No
CSTARS,38.26933367572327,-121.46353893178252,2021-07-21,01:11:55pm,0,rake_thatch,0,NA,0,1.3716000000000002,No
CSTARS,38.269098924465354,-121.47871671370508,2021-07-21,01:18:42pm,0,rake_thatch,100,Ceratophyllum_demersum,100,-30.1752,No
CSTARS,38.26904779227604,-121.4787014573301,2021-07-21,01:20:57pm,0,rake_thatch,0,NA,0,1.0668,No
CSTARS,38.26814991516269,-121.46431539556303,2021-07-21,01:27:40pm,0,rake_thatch,100,Egeria_densa,100,-30.1752,No
CSTARS,38.26810193492264,-121.46447291447487,2021-07-21,01:29:11pm,0,rake_thatch,0,NA,0,1.8288000000000002,No
CSTARS,38.26378925329814,-121.46315623815298,2021-07-21,01:35:11pm,0,rake_thatch,0,NA,0,2.5908,No
CSTARS,38.26499064624848,-121.46272383476281,2021-07-21,01:44:28pm,0.1524,rake_thatch,100,Cabomba_caroliniana,50,-30.1752,No
CSTARS,38.26499064624848,-121.46272383476281,2021-07-21,01:44:28pm,0.1524,rake_thatch,100,Ceratophyllum_demersum,50,-30.1752,No
CSTARS,38.26965123876974,-121.46929016277537,2021-07-21,01:50:28pm,0,rake_thatch,100,Ceratophyllum_demersum,100,-30.1752,No
CSTARS,38.26957170364097,-121.46920954159694,2021-07-21,01:52:37pm,0,rake_thatch,0,NA,0,1.524,No
CSTARS,38.25352784926631,-121.49932882461792,2021-07-21,02:04:15pm,0,rake_thatch,50,Egeria_densa,100,-30.1752,No
CSTARS,38.253669359630834,-121.4993885872682,2021-07-21,02:06:18pm,1.8288000000000002,rake_thatch,30,Potamogeton_nodosus,100,1.524,No
CSTARS,38.250626011220206,-121.50605532687382,2021-07-21,02:17:09pm,0,rake_thatch,100,Egeria_densa,50,-30.1752,No
CSTARS,38.250626011220206,-121.50605532687382,2021-07-21,02:17:09pm,0,rake_thatch,100,Ceratophyllum_demersum,50,-30.1752,No
CSTARS,38.25075951348298,-121.50583676456405,2021-07-21,02:18:35pm,0,rake_thatch,0,NA,0,1.8288000000000002,No
CSTARS,38.25624451697471,-121.5027113266766,2021-07-21,02:24:59pm,0,rake_thatch,100,Ceratophyllum_demersum,90,-30.1752,No
CSTARS,38.25624451697471,-121.5027113266766,2021-07-21,02:24:59pm,0,rake_thatch,100,Cabomba_caroliniana,10,-30.1752,No
CSTARS,38.25635260552059,-121.50279404733666,2021-07-21,02:28:38pm,0,rake_thatch,0,NA,0,1.524,No
CSTARS,38.01166183143712,-121.67385126479044,2021-07-22,09:08:46am,0.6096,rake_thatch,100,Egeria_densa,100,0.762,Yes
CSTARS,38.01196060024653,-121.67441089640073,2021-07-22,09:14:41am,0,rake_thatch,0,NA,0,1.2192,No
CSTARS,38.00856552650077,-121.6687810556062,2021-07-22,09:27:35am,0.9144000000000001,rake_thatch,100,Egeria_densa,100,1.524,No
CSTARS,38.010200496670286,-121.67961517315514,2021-07-22,09:46:11am,0.45720000000000005,rake_thatch,100,Egeria_densa,100,1.2192,No
CSTARS,38.01007601772966,-121.67940242977608,2021-07-22,09:50:27am,0,rake_thatch,0,NA,0,-30.1752,No
CSTARS,38.01081940922619,-121.67916681119658,2021-07-22,09:52:33am,0,rake_thatch,0,NA,0,1.524,No
CSTARS,38.00620343650666,-121.67802027373527,2021-07-22,09:57:14am,1.0668,rake_thatch,100,Egeria_densa,100,1.524,No
CSTARS,38.01571190632184,-121.68677450314259,2021-07-22,10:20:27am,0,rake_thatch,100,Egeria_densa,100,-30.1752,No
CSTARS,38.0160894125461,-121.68636782891636,2021-07-22,10:23:19am,1.0668,rake_thatch,100,Potamogeton_richardsonii,100,0.9144000000000001,No
CSTARS,38.017691433008174,-121.68657627136872,2021-07-22,10:28:28am,0,rake_thatch,100,Potamogeton_richardsonii,60,1.0668,No
CSTARS,38.017691433008174,-121.68657627136872,2021-07-22,10:28:28am,0,rake_thatch,100,Stuckenia_pectinata,30,1.0668,No
CSTARS,38.017691433008174,-121.68657627136872,2021-07-22,10:28:28am,0,rake_thatch,100,Unidentified,10,1.0668,No
CSTARS,38.016584408986766,-121.68801315906737,2021-07-22,10:33:11am,0.9144000000000001,rake_thatch,100,Potamogeton_richardsonii,100,-30.1752,No
CSTARS,38.01227539744526,-121.69650836960113,2021-07-22,10:41:40am,0,rake_thatch,100,Potamogeton_richardsonii,50,0.9144000000000001,No
CSTARS,38.01227539744526,-121.69650836960113,2021-07-22,10:41:40am,0,rake_thatch,100,Stuckenia_pectinata,30,0.9144000000000001,No
CSTARS,38.01227539744526,-121.69650836960113,2021-07-22,10:41:40am,0,rake_thatch,100,Egeria_densa,10,0.9144000000000001,No
CSTARS,38.01227539744526,-121.69650836960113,2021-07-22,10:41:40am,0,rake_thatch,100,Ceratophyllum_demersum,10,0.9144000000000001,No
CSTARS,38.01631501859649,-121.7020034381715,2021-07-22,10:59:39am,0,rake_thatch,30,Stuckenia_pectinata,100,1.0668,No
CSTARS,38.01585527093973,-121.69358237587834,2021-07-22,11:06:16am,0,rake_thatch,30,Stuckenia_pectinata,100,1.2192,No
CSTARS,38.01971260870596,-121.69336752177844,2021-07-22,11:10:12am,0,rake_thatch,100,Potamogeton_richardsonii,60,-30.1752,No
CSTARS,38.01971260870596,-121.69336752177844,2021-07-22,11:10:12am,0,rake_thatch,100,Stuckenia_pectinata,20,-30.1752,No
CSTARS,38.01971260870596,-121.69336752177844,2021-07-22,11:10:12am,0,rake_thatch,100,Ceratophyllum_demersum,20,-30.1752,No
CSTARS,38.0188214379968,-121.70499674879234,2021-07-22,11:18:51am,0,rake_thatch,100,Stuckenia_pectinata,70,1.3716000000000002,Yes
CSTARS,38.0188214379968,-121.70499674879234,2021-07-22,11:18:51am,0,rake_thatch,100,Stuckenia_pectinata,10,1.3716000000000002,Yes
CSTARS,38.0188214379968,-121.70499674879234,2021-07-22,11:18:51am,0,rake_thatch,100,Ceratophyllum_demersum,10,1.3716000000000002,Yes
CSTARS,38.0188214379968,-121.70499674879234,2021-07-22,11:18:51am,0,rake_thatch,100,Egeria_densa,10,1.3716000000000002,Yes
CSTARS,38.01519645559859,-121.7075557623174,2021-07-22,11:25:24am,0,rake_thatch,0,NA,0,0.9144000000000001,No
CSTARS,38.01294426234186,-121.70655950541443,2021-07-22,11:32:49am,0,rake_thatch,100,Elodea_canadensis,100,-30.1752,No
CSTARS,38.01324523280663,-121.70603649673642,2021-07-22,11:36:04am,0,rake_thatch,80,Elodea_canadensis,30,1.0668,Yes
CSTARS,38.01324523280663,-121.70603649673642,2021-07-22,11:36:04am,0,rake_thatch,80,Potamogeton_richardsonii,30,1.0668,Yes
CSTARS,38.01324523280663,-121.70603649673642,2021-07-22,11:36:04am,0,rake_thatch,80,Ceratophyllum_demersum,20,1.0668,Yes
CSTARS,38.01324523280663,-121.70603649673642,2021-07-22,11:36:04am,0,rake_thatch,80,Myriophyllum_spicatum,20,1.0668,Yes
CSTARS,38.012642863430706,-121.7113855694825,2021-07-22,11:45:25am,1.0668,rake_thatch,40,Ceratophyllum_demersum,100,1.2192,Yes
CSTARS,38.017483628268074,-121.71491001969365,2021-07-22,11:56:31am,0,rake_thatch,40,Stuckenia_pectinata,50,1.3716000000000002,No
CSTARS,38.017483628268074,-121.71491001969365,2021-07-22,11:56:31am,0,rake_thatch,40,Potamogeton_richardsonii,50,1.3716000000000002,No
CSTARS,38.01961067666757,-121.71416707744109,2021-07-22,12:00:12pm,0,rake_thatch,50,Stuckenia_pectinata,100,0.762,No
CSTARS,38.02019522137886,-121.7123782628901,2021-07-22,12:04:49pm,1.2192,rake_thatch,60,Egeria_densa,80,0.9144000000000001,No
CSTARS,38.02019522137886,-121.7123782628901,2021-07-22,12:04:49pm,1.2192,rake_thatch,60,Ceratophyllum_demersum,20,0.9144000000000001,No
CSTARS,38.0181324412438,-121.70837899455468,2021-07-22,12:09:20pm,0.9144000000000001,rake_thatch,100,Stuckenia_pectinata,50,0.762,No
CSTARS,38.0181324412438,-121.70837899455468,2021-07-22,12:09:20pm,0.9144000000000001,rake_thatch,100,Najas_guadalupensis,30,0.762,No
CSTARS,38.0181324412438,-121.70837899455468,2021-07-22,12:09:20pm,0.9144000000000001,rake_thatch,100,Potamogeton_richardsonii,20,0.762,No
CSTARS,38.02182427773915,-121.71823057404153,2021-07-22,12:42:27pm,0,rake_thatch,100,Egeria_densa,90,1.0668,No
CSTARS,38.02182427773915,-121.71823057404153,2021-07-22,12:42:27pm,0,rake_thatch,100,Ceratophyllum_demersum,10,1.0668,No
CSTARS,38.02356078199984,-121.7244404420324,2021-07-22,12:47:06pm,0,rake_thatch,0,NA,0,0.762,No
CSTARS,38.0211603749727,-121.72656682187902,2021-07-22,01:00:38pm,0,rake_thatch,100,Potamogeton_richardsonii,80,1.2192,No
CSTARS,38.0211603749727,-121.72656682187902,2021-07-22,01:00:38pm,0,rake_thatch,100,Stuckenia_pectinata,20,1.2192,No
CSTARS,38.01914390889344,-121.72205149498451,2021-07-22,01:04:26pm,0,rake_thatch,100,Potamogeton_richardsonii,80,0.9144000000000001,No
CSTARS,38.01914390889344,-121.72205149498451,2021-07-22,01:04:26pm,0,rake_thatch,100,Stuckenia_pectinata,20,0.9144000000000001,No
CSTARS,38.01561944247643,-121.71808627746037,2021-07-22,01:07:47pm,0,rake_thatch,50,Stuckenia_pectinata,100,0.9144000000000001,No
CSTARS,38.011385107633096,-121.71722770702935,2021-07-22,01:16:03pm,0.9144000000000001,rake_thatch,100,Elodea_canadensis,40,-30.1752,No
CSTARS,38.011385107633096,-121.71722770702935,2021-07-22,01:16:03pm,0.9144000000000001,rake_thatch,100,Ceratophyllum_demersum,30,-30.1752,No
CSTARS,38.011385107633096,-121.71722770702935,2021-07-22,01:16:03pm,0.9144000000000001,rake_thatch,100,Myriophyllum_spicatum,30,-30.1752,No
CSTARS,38.018622131818184,-121.7181771418171,2021-07-22,01:24:59pm,0,rake_thatch,70,Stuckenia_pectinata,100,0.9144000000000001,No
CSTARS,38.01724178343893,-121.72517014869098,2021-07-22,01:33:04pm,1.6764000000000001,rake_thatch,30,Egeria_densa,70,1.524,No
CSTARS,38.01724178343893,-121.72517014869098,2021-07-22,01:33:04pm,1.6764000000000001,rake_thatch,30,Ceratophyllum_demersum,30,1.524,No
CSTARS,38.01779421411526,-121.73940857044427,2021-07-22,01:41:40pm,0,rake_thatch,50,Potamogeton_nodosus,90,0.9144000000000001,No
CSTARS,38.01779421411526,-121.73940857044427,2021-07-22,01:41:40pm,0,rake_thatch,50,Egeria_densa,10,0.9144000000000001,No
CSTARS,38.016891646038594,-121.73741550858209,2021-07-22,01:52:32pm,1.0668,rake_thatch,100,Ceratophyllum_demersum,70,-30.1752,No
CSTARS,38.016891646038594,-121.73741550858209,2021-07-22,01:52:32pm,1.0668,rake_thatch,100,Egeria_densa,20,-30.1752,No
CSTARS,38.016891646038594,-121.73741550858209,2021-07-22,01:52:32pm,1.0668,rake_thatch,100,Cabomba_caroliniana,10,-30.1752,No
CSTARS,38.278873742099925,-121.63890739869828,2021-08-18,08:41:47am,0.1524,rake_thatch,0,NA,0,-30.1752,No
CSTARS,38.278822334701296,-121.6389117426467,2021-08-18,08:43:50am,0,rake_thatch,20,Myriophyllum_spicatum,90,1.0668,Yes
CSTARS,38.278822334701296,-121.6389117426467,2021-08-18,08:43:50am,0,rake_thatch,20,Potamogeton_crispus,10,1.0668,Yes
CSTARS,38.278822334701296,-121.6389117426467,2021-08-18,08:43:50am,0,rake_thatch,20,Elodea_canadensis,0,1.0668,Yes
CSTARS,38.238587216381795,-121.67934858073107,2021-08-18,09:07:28am,0.45720000000000005,rake_thatch,50,Egeria_densa,100,-30.1752,No
CSTARS,38.24095171909101,-121.67829094363543,2021-08-18,09:14:17am,0.030480000000000004,rake_thatch,100,Egeria_densa,100,0,No
CSTARS,38.24715623716541,-121.67815901363683,2021-08-18,09:26:25am,0,rake_thatch,100,Egeria_densa,100,-30.1752,No
CSTARS,38.24715623716541,-121.67815901363683,2021-08-18,09:26:25am,0,rake_thatch,100,Algae,0,-30.1752,No
CSTARS,38.247425847136405,-121.67851260416197,2021-08-18,09:30:44am,0,rake_thatch,100,Potamogeton_nodosus,90,1.6764000000000001,Yes
CSTARS,38.247425847136405,-121.67851260416197,2021-08-18,09:30:44am,0,rake_thatch,100,Algae,10,1.6764000000000001,Yes
CSTARS,38.24777091914983,-121.6798700467875,2021-08-18,09:37:04am,0,rake_thatch,100,Egeria_densa,100,-30.1752,No
CSTARS,38.24887215862189,-121.67850310849198,2021-08-18,09:44:49am,0,rake_thatch,100,Potamogeton_nodosus,100,1.6764000000000001,Yes
CSTARS,38.24887215862189,-121.67850310849198,2021-08-18,09:44:49am,0,rake_thatch,100,Algae,0,1.6764000000000001,Yes
CSTARS,38.25039411607612,-121.67869127372823,2021-08-18,09:51:28am,0,rake_thatch,50,Potamogeton_crispus,100,-30.1752,No
CSTARS,38.25039411607612,-121.67869127372823,2021-08-18,09:51:28am,0,rake_thatch,50,Algae,0,-30.1752,No
CSTARS,38.251929123753264,-121.6782234045281,2021-08-18,09:57:28am,0,rake_thatch,50,Potamogeton_crispus,80,-30.1752,No
CSTARS,38.251929123753264,-121.6782234045281,2021-08-18,09:57:28am,0,rake_thatch,50,Unidentified,20,-30.1752,No
CSTARS,38.252072045215506,-121.67891808392959,2021-08-18,10:01:41am,0,rake_thatch,80,Stuckenia_pectinata,80,-30.1752,No
CSTARS,38.252072045215506,-121.67891808392959,2021-08-18,10:01:41am,0,rake_thatch,80,Potamogeton_crispus,20,-30.1752,No
CSTARS,38.252257041454556,-121.67959533061794,2021-08-18,10:05:50am,0,rake_thatch,50,Potamogeton_crispus,100,-30.1752,No
CSTARS,38.25363024414314,-121.68175598717347,2021-08-18,10:10:37am,0.1524,rake_thatch,60,Myriophyllum_spicatum,100,-30.1752,No
CSTARS,38.25363024414314,-121.68175598717347,2021-08-18,10:10:37am,0.1524,rake_thatch,60,Stuckenia_filiformis,0,-30.1752,No
CSTARS,38.25363024414314,-121.68175598717347,2021-08-18,10:10:37am,0.1524,rake_thatch,60,Algae,0,-30.1752,No
CSTARS,38.25317624016088,-121.68273897779001,2021-08-18,10:15:32am,0,rake_thatch,50,Potamogeton_nodosus,100,-30.1752,No
CSTARS,38.25317624016088,-121.68273897779001,2021-08-18,10:15:32am,0,rake_thatch,50,Algae,0,-30.1752,No
CSTARS,38.25704596531739,-121.68374717268121,2021-08-18,10:22:38am,0,rake_thatch,100,Potamogeton_richardsonii,40,-30.1752,No
CSTARS,38.25704596531739,-121.68374717268121,2021-08-18,10:22:38am,0,rake_thatch,100,Ceratophyllum_demersum,30,-30.1752,No
CSTARS,38.25704596531739,-121.68374717268121,2021-08-18,10:22:38am,0,rake_thatch,100,Potamogeton_crispus,30,-30.1752,No
CSTARS,38.26046347369592,-121.68237822081653,2021-08-18,10:29:12am,0.1524,rake_thatch,100,Potamogeton_crispus,100,-30.1752,No
CSTARS,38.26046347369592,-121.68237822081653,2021-08-18,10:29:12am,0.1524,rake_thatch,100,Potamogeton_richardsonii,0,-30.1752,No
CSTARS,38.26046347369592,-121.68237822081653,2021-08-18,10:29:12am,0.1524,rake_thatch,100,Stuckenia_filiformis,0,-30.1752,No
CSTARS,38.26046347369592,-121.68237822081653,2021-08-18,10:29:12am,0.1524,rake_thatch,100,Algae,0,-30.1752,No
CSTARS,38.25988512712412,-121.68211053986859,2021-08-18,10:33:44am,0,rake_thatch,100,Potamogeton_richardsonii,90,-30.1752,No
CSTARS,38.25988512712412,-121.68211053986859,2021-08-18,10:33:44am,0,rake_thatch,100,Stuckenia_pectinata,10,-30.1752,No
CSTARS,38.26240579894195,-121.68058117421117,2021-08-18,10:40:24am,0,rake_thatch,100,Stuckenia_pectinata,100,-30.1752,No
CSTARS,38.261701116691775,-121.68037897118077,2021-08-18,10:43:19am,0,rake_thatch,100,Potamogeton_richardsonii,100,-30.1752,No
CSTARS,38.261701116691775,-121.68037897118077,2021-08-18,10:43:19am,0,rake_thatch,100,Ceratophyllum_demersum,0,-30.1752,No
CSTARS,38.26570976160383,-121.68546475975626,2021-08-18,10:53:14am,0,rake_thatch,100,Potamogeton_nodosus,100,-30.1752,No
CSTARS,38.26963125954157,-121.68532897778542,2021-08-18,11:00:35am,0.06096000000000001,rake_thatch,60,Stuckenia_pectinata,80,-30.1752,No
CSTARS,38.26963125954157,-121.68532897778542,2021-08-18,11:00:35am,0.06096000000000001,rake_thatch,60,Potamogeton_richardsonii,20,-30.1752,No
CSTARS,38.27510002159513,-121.68346402873283,2021-08-18,11:10:33am,0,rake_thatch,100,Stuckenia_pectinata,0,-30.1752,No
CSTARS,38.27510002159513,-121.68346402873283,2021-08-18,11:10:33am,0,rake_thatch,100,Stuckenia_pectinata,100,-30.1752,No
CSTARS,38.27510002159513,-121.68346402873283,2021-08-18,11:10:33am,0,rake_thatch,100,Potamogeton_richardsonii,0,-30.1752,No
CSTARS,38.27462604824573,-121.6833274711867,2021-08-18,11:12:38am,0,rake_thatch,80,Stuckenia_pectinata,100,-30.1752,No
CSTARS,38.27328480294154,-121.6811146218499,2021-08-18,11:19:19am,0,rake_thatch,100,Potamogeton_richardsonii,100,-30.1752,No
CSTARS,38.27328480294154,-121.6811146218499,2021-08-18,11:19:19am,0,rake_thatch,100,Stuckenia_pectinata,0,-30.1752,No
CSTARS,38.274698482398144,-121.67944094016424,2021-08-18,11:26:39am,0,rake_thatch,30,Stuckenia_pectinata,100,0.9144000000000001,No
CSTARS,38.274698482398144,-121.67944094016424,2021-08-18,11:26:39am,0,rake_thatch,30,Egeria_densa,0,0.9144000000000001,No
CSTARS,38.274698482398144,-121.67944094016424,2021-08-18,11:26:39am,0,rake_thatch,30,Potamogeton_richardsonii,0,0.9144000000000001,No
CSTARS,38.27631558817869,-121.67790302166956,2021-08-18,11:31:14am,0.09144000000000001,rake_thatch,100,Stuckenia_pectinata,100,-30.1752,No
CSTARS,38.28044025862957,-121.6844105037553,2021-08-18,11:42:35am,0,rake_thatch,100,Stuckenia_pectinata,100,-30.1752,No
CSTARS,38.2318563731733,-121.66987043360643,2021-08-18,12:28:16pm,0,rake_thatch,100,Egeria_densa,70,1.6764000000000001,Yes
CSTARS,38.2318563731733,-121.66987043360643,2021-08-18,12:28:16pm,0,rake_thatch,100,Myriophyllum_spicatum,30,1.6764000000000001,Yes
CSTARS,38.051103807677826,-121.41905521935358,2021-08-26,08:29:41am,0,rake_thatch,100,Egeria_densa,90,1.0668,No
CSTARS,38.051103807677826,-121.41905521935358,2021-08-26,08:29:41am,0,rake_thatch,100,Ceratophyllum_demersum,10,1.0668,No
CSTARS,38.05267823250857,-121.41904542914801,2021-08-26,08:40:55am,0,rake_thatch,0,NA,0,1.8288000000000002,No
CSTARS,38.05343331845676,-121.41895623083548,2021-08-26,08:43:56am,0.45720000000000005,rake_thatch,50,Egeria_densa,80,1.8288000000000002,No
CSTARS,38.05343331845676,-121.41895623083548,2021-08-26,08:43:56am,0.45720000000000005,rake_thatch,50,Ceratophyllum_demersum,20,1.8288000000000002,No
CSTARS,38.06591244772196,-121.41829671434996,2021-08-26,08:51:01am,0,rake_thatch,100,Ceratophyllum_demersum,90,2.286,No
CSTARS,38.06591244772196,-121.41829671434996,2021-08-26,08:51:01am,0,rake_thatch,100,Egeria_densa,10,2.286,No
CSTARS,38.075244519826406,-121.41607741948192,2021-08-26,08:58:18am,1.8288000000000002,rake_thatch,100,Ceratophyllum_demersum,60,1.9812,No
CSTARS,38.075244519826406,-121.41607741948192,2021-08-26,08:58:18am,1.8288000000000002,rake_thatch,100,Egeria_densa,40,1.9812,No
CSTARS,38.084917748671295,-121.41651173217633,2021-08-26,09:05:42am,0,rake_thatch,100,Elodea_canadensis,100,1.0668,Yes
CSTARS,38.08497591675027,-121.41680634743084,2021-08-26,09:09:05am,0,rake_thatch,90,Myriophyllum_spicatum,90,0.9144000000000001,Yes
CSTARS,38.08497591675027,-121.41680634743084,2021-08-26,09:09:05am,0,rake_thatch,90,Potamogeton_crispus,0,0.9144000000000001,Yes
CSTARS,38.08508618283292,-121.41745357542904,2021-08-26,09:13:58am,0,rake_thatch,100,Myriophyllum_spicatum,100,0.762,Yes
CSTARS,38.08508618283292,-121.41745357542904,2021-08-26,09:13:58am,0,rake_thatch,100,Elodea_canadensis,0,0.762,Yes
CSTARS,38.0865071280341,-121.42248128540392,2021-08-26,09:29:14am,1.0668,rake_thatch,100,Egeria_densa,100,2.7432000000000003,No
CSTARS,38.085995600766786,-121.42419776866244,2021-08-26,09:38:40am,0,rake_thatch,40,Egeria_densa,60,-30.1752,No
CSTARS,38.085995600766786,-121.42419776866244,2021-08-26,09:38:40am,0,rake_thatch,40,Ceratophyllum_demersum,40,-30.1752,No
CSTARS,38.08509483816423,-121.42923856833754,2021-08-26,09:46:35am,0,rake_thatch,100,Ceratophyllum_demersum,100,3.5052000000000003,No
CSTARS,38.08509483816423,-121.42923856833754,2021-08-26,09:46:35am,0,rake_thatch,100,Egeria_densa,0,3.5052000000000003,No
CSTARS,38.08570710949258,-121.42827352518937,2021-08-26,09:53:15am,0.9144000000000001,rake_thatch,100,Egeria_densa,100,2.286,No
CSTARS,38.08309677369043,-121.43888108265531,2021-08-26,10:05:50am,0.3048,rake_thatch,100,Egeria_densa,70,2.5908,No
CSTARS,38.08309677369043,-121.43888108265531,2021-08-26,10:05:50am,0.3048,rake_thatch,100,Ceratophyllum_demersum,30,2.5908,No
CSTARS,38.0831706574674,-121.43896004178013,2021-08-26,10:09:34am,0,rake_thatch,0,NA,0,2.5908,No
CSTARS,38.08211799160622,-121.44392122569049,2021-08-26,10:13:48am,0,rake_thatch,100,Ceratophyllum_demersum,80,1.9812,Yes
CSTARS,38.08211799160622,-121.44392122569049,2021-08-26,10:13:48am,0,rake_thatch,100,Egeria_densa,20,1.9812,Yes
CSTARS,38.08208646025107,-121.4442929241347,2021-08-26,10:22:00am,0,rake_thatch,0,Egeria_densa,0,1.2192,No
CSTARS,38.08208646025107,-121.4442929241347,2021-08-26,10:22:00am,0,rake_thatch,0,NA,0,1.2192,No
CSTARS,38.07714384418481,-121.44954302875277,2021-08-26,10:35:01am,0.3048,rake_thatch,100,Egeria_densa,100,-30.1752,No
CSTARS,38.076011342927956,-121.44986875310043,2021-08-26,10:39:56am,0,rake_thatch,0,NA,0,1.9812,No
CSTARS,38.07526987180004,-121.45215200558249,2021-08-26,10:45:57am,0.09144000000000001,rake_thatch,100,Egeria_densa,100,-30.1752,No
CSTARS,38.071330004010605,-121.4548577746501,2021-08-26,10:54:36am,0.06096000000000001,rake_thatch,80,Ceratophyllum_demersum,90,3.048,Yes
CSTARS,38.071330004010605,-121.4548577746501,2021-08-26,10:54:36am,0.06096000000000001,rake_thatch,80,Myriophyllum_spicatum,10,3.048,Yes
CSTARS,38.071330004010605,-121.4548577746501,2021-08-26,10:54:36am,0.06096000000000001,rake_thatch,80,Egeria_densa,0,3.048,Yes
CSTARS,38.06989885186429,-121.46095022338989,2021-08-26,11:03:22am,0.1524,rake_thatch,100,Egeria_densa,100,2.4384,No
CSTARS,38.06989885186429,-121.46095022338989,2021-08-26,11:03:22am,0.1524,rake_thatch,100,Ceratophyllum_demersum,0,2.4384,No
CSTARS,38.069902178768395,-121.4602892331024,2021-08-26,11:07:35am,0,rake_thatch,0,NA,0,2.4384,No
CSTARS,38.07457686026509,-121.4668626320764,2021-08-26,11:29:59am,0,rake_thatch,0,NA,0,-30.1752,No
CSTARS,38.07455517016819,-121.46685171872996,2021-08-26,11:30:54am,0,rake_thatch,20,Cabomba_caroliniana,100,-30.1752,No
CSTARS,38.07455517016819,-121.46685171872996,2021-08-26,11:30:54am,0,rake_thatch,20,Egeria_densa,0,-30.1752,No
CSTARS,38.077519901820914,-121.46709684809149,2021-08-26,12:03:21pm,0.06096000000000001,rake_thatch,80,Egeria_densa,100,1.9812,No
CSTARS,38.077519901820914,-121.46709684809149,2021-08-26,12:03:21pm,0.06096000000000001,rake_thatch,80,Myriophyllum_spicatum,0,1.9812,No
CSTARS,38.085841104952635,-121.47641744201121,2021-08-26,12:27:45pm,0.06096000000000001,rake_thatch,100,Egeria_densa,100,2.286,No
CSTARS,38.091667285516436,-121.4855343954271,2021-08-26,12:45:15pm,0,rake_thatch,0,NA,0,-30.1752,No
CSTARS,38.09216958531191,-121.49306293518559,2021-08-26,12:52:59pm,0.030480000000000004,rake_thatch,80,Egeria_densa,90,-30.1752,No
CSTARS,38.09216958531191,-121.49306293518559,2021-08-26,12:52:59pm,0.030480000000000004,rake_thatch,80,Myriophyllum_spicatum,10,-30.1752,No
CSTARS,38.087923948840675,-121.5019319933246,2021-08-26,01:03:41pm,0,rake_thatch,0,NA,0,2.7432000000000003,No
CSTARS,38.073618111190335,-121.46807478974664,2021-08-26,01:21:42pm,0.45720000000000005,rake_thatch,100,Ceratophyllum_demersum,100,-30.1752,No
CSTARS,38.073618111190335,-121.46807478974664,2021-08-26,01:21:42pm,0.45720000000000005,rake_thatch,100,Egeria_densa,0,-30.1752,No
CSTARS,38.06599561383345,-121.45942599658882,2021-08-26,01:29:29pm,0,rake_thatch,0,NA,0,2.286,No
CSTARS,38.058198468104536,-121.45983341097349,2021-08-26,01:36:05pm,0,rake_thatch,100,Egeria_densa,100,1.8288000000000002,No
CSTARS,38.05755636101089,-121.45949026892694,2021-08-26,01:37:56pm,0,rake_thatch,0,NA,0,1.8288000000000002,No
CSTARS,38.05599355913087,-121.45947171247028,2021-08-26,01:40:34pm,0,rake_thatch,100,Egeria_densa,80,1.8288000000000002,No
CSTARS,38.05599355913087,-121.45947171247028,2021-08-26,01:40:34pm,0,rake_thatch,100,Myriophyllum_spicatum,20,1.8288000000000002,No
CSTARS,38.05599355913087,-121.45947171247028,2021-08-26,01:40:34pm,0,rake_thatch,100,Ceratophyllum_demersum,0,1.8288000000000002,No
CSTARS,38.03490913890719,-121.84440471683737,2021-09-13,10:01:49am,0,rake_thatch,60,Myriophyllum_spicatum,100,1.0668,No
CSTARS,38.04337292383356,-121.85268622891795,2021-09-13,10:22:39am,0,rake_thatch,50,Stuckenia_pectinata,100,0.762,No
CSTARS,38.05606470058465,-121.8502453936568,2021-09-13,10:44:39am,0,rake_thatch,100,Stuckenia_pectinata,100,0.6096,No
CSTARS,38.08185587419311,-121.73432399869809,2021-09-13,12:19:06pm,0,rake_thatch,70,Egeria_densa,100,0.6096,No
CSTARS,38.084736644103465,-121.70937405346885,2021-09-13,12:34:56pm,0,rake_thatch,100,Egeria_densa,100,0.9144000000000001,No
CSTARS,38.08380473134548,-121.71446839060098,2021-09-13,12:52:47pm,0,rake_thatch,100,Egeria_densa,100,0.9144000000000001,No
CSTARS,38.08367568714617,-121.71446032010992,2021-09-13,12:55:32pm,0,rake_thatch,0,NA,0,0.9144000000000001,No
CSTARS,37.91631945325919,-121.57220659573598,2021-07-20,09:23:39am,0,rake_thatch,0,NA,0,-30.1752,No
CSTARS,37.91631945325919,-121.57220659573598,2021-07-20,09:23:39am,0,rake_thatch,0,NA,NA,-30.1752,No
CSTARS,37.8570953669777,-121.57109301875168,2021-07-20,10:11:08am,0,rake_thatch,30,Cabomba_caroliniana,100,1.2192,No
CSTARS,37.86174916667702,-121.5711007350758,2021-07-20,10:24:38am,0.1524,rake_thatch,100,Egeria_densa,100,1.2192,Yes
CSTARS,37.86203404932136,-121.57275677427077,2021-07-20,10:30:50am,0.09144000000000001,rake_thatch,100,Egeria_densa,70,-30.1752,No
CSTARS,37.86203404932136,-121.57275677427077,2021-07-20,10:30:50am,0.09144000000000001,rake_thatch,100,Ceratophyllum_demersum,30,-30.1752,No
CSTARS,37.83059071304274,-121.55141178779961,2021-07-20,11:01:15am,0,rake_thatch,100,Egeria_densa,100,1.2192,No
CSTARS,37.83248904604369,-121.54552755952766,2021-07-20,11:06:51am,0,rake_thatch,0,NA,0,-30.1752,No
CSTARS,37.83248904604369,-121.54552755952766,2021-07-20,11:06:51am,0,rake_thatch,0,NA,NA,-30.1752,No
CSTARS,37.84710971725423,-121.53599313438689,2021-07-20,11:16:21am,0,rake_thatch,100,Elodea_canadensis,90,1.3716000000000002,No
CSTARS,37.84710971725423,-121.53599313438689,2021-07-20,11:16:21am,0,rake_thatch,100,Ceratophyllum_demersum,10,1.3716000000000002,No
CSTARS,37.85060217211991,-121.53570956783399,2021-07-20,11:28:45am,0,rake_thatch,80,Myriophyllum_spicatum,70,1.3716000000000002,No
CSTARS,37.85060217211991,-121.53570956783399,2021-07-20,11:28:45am,0,rake_thatch,80,Ceratophyllum_demersum,20,1.3716000000000002,No
CSTARS,37.852153805871836,-121.54232410104049,2021-07-20,11:43:02am,0,rake_thatch,100,Egeria_densa,80,1.2192,No
CSTARS,37.852153805871836,-121.54232410104049,2021-07-20,11:43:02am,0,rake_thatch,100,Ceratophyllum_demersum,20,1.2192,No
CSTARS,37.85245106046586,-121.54428119247353,2021-07-20,11:50:39am,0,rake_thatch,100,Elodea_canadensis,90,1.524,No
CSTARS,37.85245106046586,-121.54428119247353,2021-07-20,11:50:39am,0,rake_thatch,100,Myriophyllum_spicatum,10,1.524,No
CSTARS,37.85557231899357,-121.54829869705378,2021-07-20,12:11:48pm,0,rake_thatch,100,Egeria_densa,70,1.2192,No
CSTARS,37.85557231899357,-121.54829869705378,2021-07-20,12:11:48pm,0,rake_thatch,100,Ceratophyllum_demersum,30,1.2192,No
CSTARS,37.869217245531054,-121.5354334378777,2021-07-20,12:38:41pm,0,rake_thatch,100,Egeria_densa,100,1.2192,No
CSTARS,37.870693378165356,-121.53181513021524,2021-07-20,12:43:31pm,0,rake_thatch,100,Egeria_densa,60,-30.1752,No
CSTARS,37.870693378165356,-121.53181513021524,2021-07-20,12:43:31pm,0,rake_thatch,100,Elodea_canadensis,40,-30.1752,No
CSTARS,37.90359242579855,-121.49933728575172,2021-07-20,01:08:36pm,0,rake_thatch,100,Egeria_densa,100,1.6764000000000001,No
CSTARS,37.90767956268435,-121.50844069970418,2021-07-20,01:19:01pm,0,rake_thatch,100,Egeria_densa,100,1.6764000000000001,No
CSTARS,37.912057662396734,-121.51827443848357,2021-07-20,01:31:33pm,0,rake_thatch,100,Egeria_densa,100,1.3716000000000002,No
CSTARS,37.91600217969386,-121.5646985007129,2021-07-20,01:53:54pm,0,rake_thatch,100,Egeria_densa,100,1.2192,No
CSTARS,38.04682958221658,-121.80458282105643,2021-07-21,08:50:52am,0,rake_thatch,80,Vallisneria_australis,100,-30.1752,No
CSTARS,38.04682958221658,-121.80458282105643,2021-07-21,08:50:52am,0,rake_thatch,80,Stuckenia_pectinata,0,-30.1752,No
CSTARS,38.046790523558755,-121.80395477912785,2021-07-21,09:04:50am,0,rake_thatch,90,Algae,80,-30.1752,No
CSTARS,38.046790523558755,-121.80395477912785,2021-07-21,09:04:50am,0,rake_thatch,90,Stuckenia_pectinata,20,-30.1752,No
CSTARS,38.04931325309947,-121.80593076413355,2021-07-21,09:13:02am,0,rake_thatch,0,NA,0,0.45720000000000005,Yes
CSTARS,38.049771134295916,-121.80050310785677,2021-07-21,09:28:42am,0.09144000000000001,rake_thatch,90,Vallisneria_australis,100,-30.1752,No
CSTARS,38.05990647125842,-121.83744783792609,2021-07-21,09:48:12am,0,rake_thatch,100,Stuckenia_pectinata,100,-30.1752,No
CSTARS,38.05990647125842,-121.83744783792609,2021-07-21,09:48:12am,0,rake_thatch,100,Algae,0,-30.1752,No
CSTARS,38.02354680314312,-121.80552361773164,2021-07-21,10:22:48am,0,rake_thatch,0,NA,0,0.9144000000000001,No
CSTARS,38.02114869777329,-121.79614789902863,2021-07-21,10:30:42am,0,rake_thatch,100,Stuckenia_pectinata,100,1.0668,No
CSTARS,38.02114869777329,-121.79614789902863,2021-07-21,10:30:42am,0,rake_thatch,100,Myriophyllum_spicatum,0,1.0668,No
CSTARS,38.02114869777329,-121.79614789902863,2021-07-21,10:30:42am,0,rake_thatch,100,Algae,0,1.0668,No
CSTARS,38.02055833801873,-121.79058723938714,2021-07-21,10:41:54am,0,rake_thatch,100,Egeria_densa,100,1.2192,No
CSTARS,38.02058816510885,-121.78976360009673,2021-07-21,10:48:47am,0,rake_thatch,80,Stuckenia_pectinata,100,-30.1752,No
CSTARS,38.02058816510885,-121.78976360009673,2021-07-21,10:48:47am,0,rake_thatch,80,Egeria_densa,0,-30.1752,No
CSTARS,38.02058816510885,-121.78976360009673,2021-07-21,10:48:47am,0,rake_thatch,80,Algae,0,-30.1752,No
CSTARS,38.14218343968064,-121.44725402776241,2021-07-22,08:27:54am,0.6096,rake_thatch,100,Egeria_densa,100,1.8288000000000002,No
CSTARS,38.14218343968064,-121.44725402776241,2021-07-22,08:27:54am,0.6096,rake_thatch,100,Algae,0,1.8288000000000002,No
CSTARS,38.14103430015968,-121.44837038508965,2021-07-22,08:40:13am,0,rake_thatch,100,Egeria_densa,100,2.1336,No
CSTARS,38.140017868649934,-121.45146345440527,2021-07-22,08:49:16am,0,rake_thatch,100,Ceratophyllum_demersum,50,3.048,No
CSTARS,38.140017868649934,-121.45146345440527,2021-07-22,08:49:16am,0,rake_thatch,100,Egeria_densa,50,3.048,No
CSTARS,38.14055948237859,-121.46191643106813,2021-07-22,08:55:27am,0,rake_thatch,10,Egeria_densa,60,3.3528000000000002,No
CSTARS,38.14055948237859,-121.46191643106813,2021-07-22,08:55:27am,0,rake_thatch,10,Ceratophyllum_demersum,40,3.3528000000000002,No
CSTARS,38.143133674006165,-121.46953754318905,2021-07-22,08:59:33am,0.9144000000000001,rake_thatch,100,Ceratophyllum_demersum,100,1.3716000000000002,No
CSTARS,38.143133674006165,-121.46953754318905,2021-07-22,08:59:33am,0.9144000000000001,rake_thatch,100,Egeria_densa,0,1.3716000000000002,No
CSTARS,38.142368384241195,-121.4695549599842,2021-07-22,09:03:03am,0,rake_thatch,100,Egeria_densa,100,1.2192,No
CSTARS,38.14299810221431,-121.47402882612595,2021-07-22,09:09:58am,0,rake_thatch,100,Egeria_densa,90,2.5908,No
CSTARS,38.14299810221431,-121.47402882612595,2021-07-22,09:09:58am,0,rake_thatch,100,Ceratophyllum_demersum,0,2.5908,No
CSTARS,38.14019727278941,-121.48087873095969,2021-07-22,09:23:23am,0,rake_thatch,90,Stuckenia_pectinata,100,1.6764000000000001,No
CSTARS,38.14059976341609,-121.48582701223228,2021-07-22,09:30:13am,0,rake_thatch,100,Egeria_densa,100,1.524,No
CSTARS,38.14059976341609,-121.48582701223228,2021-07-22,09:30:13am,0,rake_thatch,100,Algae,0,1.524,No
CSTARS,38.14399836956177,-121.49059161811711,2021-07-22,09:43:39am,0,rake_thatch,0,NA,0,1.8288000000000002,No
CSTARS,38.14339632580452,-121.49744543913656,2021-07-22,09:50:11am,0,rake_thatch,100,Egeria_densa,100,0.762,No
CSTARS,38.140739550192194,-121.50043269945601,2021-07-22,09:57:18am,0,rake_thatch,0,NA,0,1.524,No
CSTARS,38.145065797775395,-121.51080520242313,2021-07-22,10:02:15am,0,rake_thatch,10,Egeria_densa,50,2.286,No
CSTARS,38.145065797775395,-121.51080520242313,2021-07-22,10:02:15am,0,rake_thatch,10,Ceratophyllum_demersum,50,2.286,No
CSTARS,38.145065797775395,-121.51080520242313,2021-07-22,10:02:15am,0,rake_thatch,10,Cabomba_caroliniana,0,2.286,No
CSTARS,38.145058833385974,-121.51051044903639,2021-07-22,10:06:25am,0,rake_thatch,100,Ceratophyllum_demersum,80,-30.1752,No
CSTARS,38.145058833385974,-121.51051044903639,2021-07-22,10:06:25am,0,rake_thatch,100,Egeria_densa,20,-30.1752,No
CSTARS,38.14687848086186,-121.50910714773015,2021-07-22,10:15:34am,0,rake_thatch,0,NA,0,-30.1752,No
CSTARS,38.14675078620937,-121.5089627071788,2021-07-22,10:18:56am,0,rake_thatch,0,NA,0,1.0668,No
CSTARS,38.15862276169412,-121.50190740777836,2021-07-22,10:24:00am,0,rake_thatch,50,Egeria_densa,100,1.0668,No
CSTARS,38.15862276169412,-121.50190740777836,2021-07-22,10:24:00am,0,rake_thatch,50,Algae,0,1.0668,No
CSTARS,38.15862276169412,-121.50190740777836,2021-07-22,10:24:00am,0,rake_thatch,50,Ceratophyllum_demersum,0,1.0668,No
CSTARS,38.17238858600833,-121.44802206621073,2021-07-22,10:37:37am,0,rake_thatch,60,Ceratophyllum_demersum,60,1.6764000000000001,No
CSTARS,38.17238858600833,-121.44802206621073,2021-07-22,10:37:37am,0,rake_thatch,60,Egeria_densa,40,1.6764000000000001,No
CSTARS,38.17238858600833,-121.44802206621073,2021-07-22,10:37:37am,0,rake_thatch,60,Myriophyllum_spicatum,0,1.6764000000000001,No
CSTARS,38.172265226887674,-121.44753568301294,2021-07-22,10:42:17am,0,rake_thatch,10,Ceratophyllum_demersum,100,1.6764000000000001,No
CSTARS,38.172265226887674,-121.44753568301294,2021-07-22,10:42:17am,0,rake_thatch,10,Egeria_densa,0,1.6764000000000001,No
CSTARS,38.172737620416584,-121.44391837912377,2021-07-22,10:46:21am,0,rake_thatch,0,NA,0,1.3716000000000002,No
CSTARS,38.17062259908994,-121.4533606632539,2021-07-22,10:49:23am,0,rake_thatch,100,Egeria_densa,100,2.1336,No
CSTARS,38.169489820855226,-121.4559640878532,2021-07-22,10:55:41am,0,rake_thatch,0,NA,0,2.5908,No
CSTARS,38.16858513711069,-121.4696237419347,2021-07-22,10:59:00am,0,rake_thatch,40,Ceratophyllum_demersum,100,1.6764000000000001,No
CSTARS,38.16884835550052,-121.46944810624858,2021-07-22,11:01:56am,0,rake_thatch,0,NA,0,1.6764000000000001,No
CSTARS,38.16544819362116,-121.48311468900857,2021-07-22,11:05:46am,0,rake_thatch,0,NA,0,1.2192,No
CSTARS,38.16541015748434,-121.48288962804574,2021-07-22,11:09:17am,0,rake_thatch,100,Egeria_densa,60,1.2192,No
CSTARS,38.16541015748434,-121.48288962804574,2021-07-22,11:09:17am,0,rake_thatch,100,Ceratophyllum_demersum,40,1.2192,No
CSTARS,38.16593233759782,-121.49180600310284,2021-07-22,11:20:45am,0,rake_thatch,60,Egeria_densa,100,1.2192,No
CSTARS,38.178040091765986,-121.49624817496081,2021-07-22,11:29:28am,0,rake_thatch,80,Myriophyllum_spicatum,80,0.9144000000000001,No
CSTARS,38.178040091765986,-121.49624817496081,2021-07-22,11:29:28am,0,rake_thatch,80,Ceratophyllum_demersum,20,0.9144000000000001,No
CSTARS,38.178040091765986,-121.49624817496081,2021-07-22,11:29:28am,0,rake_thatch,80,Potamogeton_crispus,0,0.9144000000000001,No
CSTARS,38.17802658845663,-121.49558948711375,2021-07-22,11:35:22am,0,rake_thatch,0,NA,0,0.9144000000000001,No
CSTARS,38.20423578017628,-121.43533453071733,2021-07-22,11:53:59am,0,rake_thatch,100,Myriophyllum_spicatum,80,1.524,No
CSTARS,38.20423578017628,-121.43533453071733,2021-07-22,11:53:59am,0,rake_thatch,100,Egeria_densa,10,1.524,No
CSTARS,38.20423578017628,-121.43533453071733,2021-07-22,11:53:59am,0,rake_thatch,100,Ceratophyllum_demersum,10,1.524,No
CSTARS,38.204303842372816,-121.44114604375577,2021-07-22,12:02:20pm,0,rake_thatch,0,NA,0,1.6764000000000001,No
CSTARS,38.20436372668738,-121.45272928224675,2021-07-22,12:07:09pm,0,rake_thatch,0,NA,0,1.8288000000000002,No
CSTARS,38.20350345328122,-121.4588540229702,2021-07-22,12:10:54pm,0.09144000000000001,rake_thatch,100,Egeria_densa,60,1.0668,Yes
CSTARS,38.20350345328122,-121.4588540229702,2021-07-22,12:10:54pm,0.09144000000000001,rake_thatch,100,Ceratophyllum_demersum,40,1.0668,Yes
CSTARS,38.20350345328122,-121.4588540229702,2021-07-22,12:10:54pm,0.09144000000000001,rake_thatch,100,Algae,0,1.0668,Yes
CSTARS,38.195566144420845,-121.46620055267601,2021-07-22,12:18:36pm,0,rake_thatch,80,Egeria_densa,90,1.6764000000000001,No
CSTARS,38.195566144420845,-121.46620055267601,2021-07-22,12:18:36pm,0,rake_thatch,80,Ceratophyllum_demersum,10,1.6764000000000001,No
CSTARS,38.19569468387597,-121.46626842722439,2021-07-22,12:22:09pm,0,rake_thatch,0,NA,0,1.6764000000000001,No
CSTARS,38.194670051721445,-121.4764713799358,2021-07-22,12:27:01pm,0,rake_thatch,100,Potamogeton_nodosus,100,1.3716000000000002,No
CSTARS,38.19452920946537,-121.47625435943672,2021-07-22,12:31:01pm,0,rake_thatch,100,Egeria_densa,100,1.3716000000000002,No
CSTARS,38.19454680218927,-121.47817252328952,2021-07-22,01:43:14pm,0,rake_thatch,60,Stuckenia_pectinata,60,0.762,No
CSTARS,38.19454680218927,-121.47817252328952,2021-07-22,01:43:14pm,0,rake_thatch,60,Egeria_densa,40,0.762,No
CSTARS,38.20823847084096,-121.48681188667662,2021-07-22,01:54:00pm,0,rake_thatch,100,Egeria_densa,80,1.9812,No
CSTARS,38.20823847084096,-121.48681188667662,2021-07-22,01:54:00pm,0,rake_thatch,100,Ceratophyllum_demersum,20,1.9812,No
CSTARS,38.20841863944323,-121.48690796677194,2021-07-22,02:05:38pm,0,rake_thatch,0,NA,0,-30.1752,No
CSTARS,38.20803117787252,-121.48829921914957,2021-07-22,02:15:03pm,0,rake_thatch,0,NA,0,-30.1752,No
CSTARS,38.209769950406134,-121.49087506827738,2021-07-22,02:18:28pm,0,rake_thatch,0,NA,0,-30.1752,No
CSTARS,38.21269935004357,-121.49417098665664,2021-07-22,02:21:14pm,0,rake_thatch,0,NA,0,-30.1752,No
CSTARS,38.21508039326876,-121.49626626746698,2021-07-22,02:23:40pm,0,rake_thatch,0,NA,0,-30.1752,No
CSTARS,38.21765610166543,-121.49844268957494,2021-07-22,02:26:49pm,0,rake_thatch,0,NA,0,-30.1752,No
CSTARS,38.21757166261138,-121.49859216737433,2021-07-22,02:27:58pm,0,rake_thatch,100,Egeria_densa,100,1.2192,No
CSTARS,38.21757166261138,-121.49859216737433,2021-07-22,02:27:58pm,0,rake_thatch,100,Cabomba_caroliniana,0,1.2192,No
CSTARS,38.0300390217044,-121.61317422948636,2021-07-20,09:28:12am,0,rake_thatch,100,Potamogeton_richardsonii,50,-30.1752,No
CSTARS,38.0300390217044,-121.61317422948636,2021-07-20,09:28:12am,0,rake_thatch,100,Ceratophyllum_demersum,50,-30.1752,No
CSTARS,38.028726641554535,-121.61043945785255,2021-07-20,09:36:30am,0,rake_thatch,100,Najas_guadalupensis,80,-30.1752,No
CSTARS,38.028726641554535,-121.61043945785255,2021-07-20,09:36:30am,0,rake_thatch,100,Ceratophyllum_demersum,20,-30.1752,No
CSTARS,38.02588378023677,-121.61005415380957,2021-07-20,09:52:02am,0,rake_thatch,100,Ceratophyllum_demersum,90,-30.1752,No
CSTARS,38.02588378023677,-121.61005415380957,2021-07-20,09:52:02am,0,rake_thatch,100,Egeria_densa,10,-30.1752,No
CSTARS,38.02464561195554,-121.60757468493654,2021-07-20,10:16:26am,0,rake_thatch,100,Unidentified,70,-30.1752,No
CSTARS,38.02464561195554,-121.60757468493654,2021-07-20,10:16:26am,0,rake_thatch,100,Stuckenia_pectinata,20,-30.1752,No
CSTARS,38.02139666233524,-121.60333450366197,2021-07-20,10:50:08am,0,rake_thatch,100,Potamogeton_richardsonii,70,-30.1752,No
CSTARS,38.02139666233524,-121.60333450366197,2021-07-20,10:50:08am,0,rake_thatch,100,Ceratophyllum_demersum,30,-30.1752,No
CSTARS,38.025755639143235,-121.60249539480489,2021-07-20,11:26:31am,0,rake_thatch,100,Ceratophyllum_demersum,60,-30.1752,No
CSTARS,38.025755639143235,-121.60249539480489,2021-07-20,11:26:31am,0,rake_thatch,100,Egeria_densa,40,-30.1752,No
CSTARS,38.026050063507704,-121.5997374853905,2021-07-20,11:37:22am,0,rake_thatch,30,Stuckenia_pectinata,80,1.8288000000000002,No
CSTARS,38.026050063507704,-121.5997374853905,2021-07-20,11:37:22am,0,rake_thatch,30,Elodea_canadensis,20,1.8288000000000002,No
CSTARS,38.028822003858906,-121.60169793519898,2021-07-20,11:44:44am,0,rake_thatch,100,Unidentified,40,-30.1752,No
CSTARS,38.028822003858906,-121.60169793519898,2021-07-20,11:44:44am,0,rake_thatch,100,Stuckenia_pectinata,30,-30.1752,No
CSTARS,38.032941339777,-121.60314075384967,2021-07-20,11:56:03am,0.6096,rake_thatch,100,Najas_guadalupensis,100,-30.1752,No
CSTARS,38.032941339777,-121.60314075384967,2021-07-20,11:56:03am,0.6096,rake_thatch,100,Potamogeton_richardsonii,0,-30.1752,No
CSTARS,38.031361236293115,-121.6065727226825,2021-07-20,12:35:05pm,0,rake_thatch,20,Stuckenia_pectinata,100,1.3716000000000002,No
CSTARS,38.0352199070404,-121.60106999147986,2021-07-20,12:42:21pm,0,rake_thatch,20,Stuckenia_pectinata,100,1.6764000000000001,No
CSTARS,38.036745642621305,-121.60027346089085,2021-07-20,12:47:14pm,0,rake_thatch,100,Najas_guadalupensis,70,1.2192,No
CSTARS,38.036745642621305,-121.60027346089085,2021-07-20,12:47:14pm,0,rake_thatch,100,Ceratophyllum_demersum,30,1.2192,No
CSTARS,38.03435720811053,-121.59603955753452,2021-07-20,12:53:24pm,0,rake_thatch,0,NA,0,1.2192,No
CSTARS,38.03435720811053,-121.59603955753452,2021-07-20,12:53:24pm,0,rake_thatch,0,NA,NA,1.2192,No
CSTARS,38.03565085899359,-121.59079960591149,2021-07-20,12:58:46pm,0,rake_thatch,100,Ceratophyllum_demersum,50,1.6764000000000001,No
CSTARS,38.03565085899359,-121.59079960591149,2021-07-20,12:58:46pm,0,rake_thatch,100,Egeria_densa,40,1.6764000000000001,No
CSTARS,38.03275287590838,-121.58735638838354,2021-07-20,01:04:38pm,0.9144000000000001,rake_thatch,50,Potamogeton_richardsonii,70,-30.1752,No
CSTARS,38.03275287590838,-121.58735638838354,2021-07-20,01:04:38pm,0.9144000000000001,rake_thatch,50,Egeria_densa,30,-30.1752,No
CSTARS,38.03212023991843,-121.58463834548441,2021-07-20,01:11:45pm,0,rake_thatch,100,Egeria_densa,100,-30.1752,No
CSTARS,38.04887799220923,-121.58443416439417,2021-07-20,01:44:43pm,0,rake_thatch,20,Potamogeton_richardsonii,100,-30.1752,No
CSTARS,38.05302658787067,-121.58398109687978,2021-07-20,01:53:15pm,0,rake_thatch,80,Egeria_densa,70,-30.1752,No
CSTARS,38.05302658787067,-121.58398109687978,2021-07-20,01:53:15pm,0,rake_thatch,80,Potamogeton_richardsonii,30,-30.1752,No
CSTARS,38.05921803226899,-121.59809467935125,2021-07-20,01:58:58pm,0.1524,rake_thatch,50,Najas_guadalupensis,60,-30.1752,No
CSTARS,38.05921803226899,-121.59809467935125,2021-07-20,01:58:58pm,0.1524,rake_thatch,50,Potamogeton_richardsonii,40,-30.1752,No
CSTARS,38.06128474756246,-121.59892547431026,2021-07-20,02:11:24pm,0.6096,rake_thatch,100,Egeria_densa,100,1.3716000000000002,No
CSTARS,38.05645195901066,-121.61288590794145,2021-07-20,02:33:20pm,0.1524,rake_thatch,100,Egeria_densa,100,-30.1752,No
CSTARS,38.01168616979978,-121.7226784783778,2021-07-22,11:22:07am,0,rake_thatch,100,Myriophyllum_spicatum,80,-30.1752,No
CSTARS,38.01168616979978,-121.7226784783778,2021-07-22,11:22:07am,0,rake_thatch,100,Stuckenia_filiformis,20,-30.1752,No
CSTARS,38.01142765553883,-121.72206764884086,2021-07-22,11:27:31am,0,rake_thatch,100,Myriophyllum_spicatum,40,-30.1752,No
CSTARS,38.01142765553883,-121.72206764884086,2021-07-22,11:27:31am,0,rake_thatch,100,Stuckenia_pectinata,40,-30.1752,No
CSTARS,38.01142765553883,-121.72206764884086,2021-07-22,11:27:31am,0,rake_thatch,100,Elodea_canadensis,10,-30.1752,No
CSTARS,38.01142765553883,-121.72206764884086,2021-07-22,11:27:31am,0,rake_thatch,100,Stuckenia_filiformis,10,-30.1752,No
CSTARS,38.009637341338824,-121.72062691104637,2021-07-22,11:37:59am,0,rake_thatch,50,Myriophyllum_spicatum,70,-30.1752,No
CSTARS,38.009637341338824,-121.72062691104637,2021-07-22,11:37:59am,0,rake_thatch,50,Elodea_canadensis,30,-30.1752,No
CSTARS,38.0102111885029,-121.71171078235791,2021-07-22,01:47:36pm,2.4384,rake_thatch,100,Myriophyllum_spicatum,60,2.4384,Yes
CSTARS,38.0102111885029,-121.71171078235791,2021-07-22,01:47:36pm,2.4384,rake_thatch,100,Elodea_canadensis,10,2.4384,Yes
CSTARS,38.0102111885029,-121.71171078235791,2021-07-22,01:47:36pm,2.4384,rake_thatch,100,Cabomba_caroliniana,10,2.4384,Yes
CSTARS,38.0102111885029,-121.71171078235791,2021-07-22,01:47:36pm,2.4384,rake_thatch,100,Potamogeton_crispus,10,2.4384,Yes
CSTARS,38.008862761688135,-121.71085544421081,2021-07-22,01:54:43pm,0.3048,rake_thatch,100,Myriophyllum_spicatum,100,-30.1752,No
CSTARS,38.2420127108478,-121.6637492065174,2021-07-15,09:30:33am,0.3048,rake_thatch,100,Cabomba_caroliniana,90,-30.1752,No
CSTARS,38.2420127108478,-121.6637492065174,2021-07-15,09:30:33am,0.3048,rake_thatch,100,Algae,10,-30.1752,No
CSTARS,38.24185842255277,-121.66385414073615,2021-07-15,09:32:34am,0,rake_thatch,0,NA,0,0.9906,Yes
CSTARS,38.23403692808417,-121.6706253095739,2021-07-15,10:13:54am,0,rake_thatch,0,NA,0,-30.1752,No
CSTARS,38.245372975968095,-121.69223322960596,2021-07-15,10:36:22am,0,rake_thatch,100,Elodea_canadensis,100,1.0668,No
CSTARS,38.245372975968095,-121.69223322960596,2021-07-15,10:36:22am,0,rake_thatch,100,Egeria_densa,0,1.0668,No
CSTARS,38.245372975968095,-121.69223322960596,2021-07-15,10:36:22am,0,rake_thatch,100,Ceratophyllum_demersum,0,1.0668,No
CSTARS,38.247288818134145,-121.69159997433654,2021-07-15,10:40:03am,0,rake_thatch,100,Stuckenia_pectinata,40,-30.1752,No
CSTARS,38.247288818134145,-121.69159997433654,2021-07-15,10:40:03am,0,rake_thatch,100,Ceratophyllum_demersum,30,-30.1752,No
CSTARS,38.247288818134145,-121.69159997433654,2021-07-15,10:40:03am,0,rake_thatch,100,Elodea_canadensis,10,-30.1752,No
CSTARS,38.247288818134145,-121.69159997433654,2021-07-15,10:40:03am,0,rake_thatch,100,Egeria_densa,0,-30.1752,No
CSTARS,38.247288818134145,-121.69159997433654,2021-07-15,10:40:03am,0,rake_thatch,100,Algae,0,-30.1752,No
CSTARS,38.25382475961318,-121.6904317902249,2021-07-15,10:54:44am,0,rake_thatch,100,Ceratophyllum_demersum,100,1.0668,No
CSTARS,38.250847750004326,-121.6928831909897,2021-07-15,11:00:36am,0,rake_thatch,100,Elodea_canadensis,50,1.3716000000000002,No
CSTARS,38.250847750004326,-121.6928831909897,2021-07-15,11:00:36am,0,rake_thatch,100,Ceratophyllum_demersum,50,1.3716000000000002,No
CSTARS,38.250847750004326,-121.6928831909897,2021-07-15,11:00:36am,0,rake_thatch,100,Egeria_densa,0,1.3716000000000002,No
CSTARS,38.250847750004326,-121.6928831909897,2021-07-15,11:00:36am,0,rake_thatch,100,Algae,0,1.3716000000000002,No
CSTARS,38.24764206792857,-121.70611854718103,2021-07-15,11:12:01am,0,rake_thatch,100,Egeria_densa,100,0.9144000000000001,No
CSTARS,38.24758556237483,-121.7074603851913,2021-07-15,12:09:46pm,0,rake_thatch,100,Egeria_densa,100,1.0668,No
CSTARS,38.24758556237483,-121.7074603851913,2021-07-15,12:09:46pm,0,rake_thatch,100,Algae,0,1.0668,No
CSTARS,38.24547588408765,-121.68936820261338,2021-07-15,12:19:13pm,0,rake_thatch,100,Egeria_densa,100,-30.1752,No
CSTARS,38.26731073357111,-121.69570033420239,2021-07-15,12:53:12pm,0,rake_thatch,0,Ceratophyllum_demersum,0,0.9144000000000001,No
CSTARS,38.26731073357111,-121.69570033420239,2021-07-15,12:53:12pm,0,rake_thatch,0,NA,0,0.9144000000000001,No
CSTARS,38.26929339963284,-121.69596738332179,2021-07-15,12:58:24pm,0,rake_thatch,100,Ceratophyllum_demersum,60,0.9144000000000001,No
CSTARS,38.26929339963284,-121.69596738332179,2021-07-15,12:58:24pm,0,rake_thatch,100,Elodea_canadensis,40,0.9144000000000001,No
CSTARS,38.26929339963284,-121.69596738332179,2021-07-15,12:58:24pm,0,rake_thatch,100,Egeria_densa,0,0.9144000000000001,No
CSTARS,38.27423232406646,-121.70192600843454,2021-07-15,01:15:12pm,0,rake_thatch,0,Egeria_densa,0,0.6096,No
CSTARS,38.27423232406646,-121.70192600843454,2021-07-15,01:15:12pm,0,rake_thatch,0,Elodea_canadensis,0,0.6096,No
CSTARS,38.27423232406646,-121.70192600843454,2021-07-15,01:15:12pm,0,rake_thatch,0,NA,0,0.6096,No
CSTARS,38.287524900516054,-121.72257081348953,2021-07-15,01:25:15pm,0,rake_thatch,50,Stuckenia_pectinata,100,1.0668,No
CSTARS,38.29118342928453,-121.72776921590948,2021-07-15,01:35:05pm,0,rake_thatch,10,Najas_guadalupensis,10,0.6096,No
CSTARS,38.2853927312275,-121.71795721841495,2021-07-15,01:52:48pm,0,rake_thatch,20,Najas_guadalupensis,100,0.9144000000000001,No
CSTARS,38.2853927312275,-121.71795721841495,2021-07-15,01:52:48pm,0,rake_thatch,20,Elodea_canadensis,0,0.9144000000000001,No
CSTARS,38.27509613954842,-121.70837829429577,2021-07-15,01:57:26pm,0.3048,rake_thatch,30,Potamogeton_crispus,100,1.8288000000000002,No
CSTARS,38.12352551677336,-121.58236065537847,2021-07-13,08:31:32am,0,rake_thatch,100,Egeria_densa,100,1.9812,Yes
CSTARS,38.12352551677336,-121.58236065537847,2021-07-13,08:31:32am,0,rake_thatch,100,Algae,0,1.9812,Yes
CSTARS,38.12734426884879,-121.57985455330301,2021-07-13,09:36:02am,0.1524,rake_thatch,20,Potamogeton_crispus,60,1.6764000000000001,No
CSTARS,38.12734426884879,-121.57985455330301,2021-07-13,09:36:02am,0.1524,rake_thatch,20,Najas_guadalupensis,20,1.6764000000000001,No
CSTARS,38.12734426884879,-121.57985455330301,2021-07-13,09:36:02am,0.1524,rake_thatch,20,Stuckenia_pectinata,20,1.6764000000000001,No
CSTARS,38.065347909896204,-121.53876640913475,2021-07-13,10:55:30am,0,rake_thatch,100,Egeria_densa,100,1.3716000000000002,No
CSTARS,38.065347909896204,-121.53876640913475,2021-07-13,10:55:30am,0,rake_thatch,100,Algae,0,1.3716000000000002,No
CSTARS,38.05312192074079,-121.50777049531884,2021-07-13,11:24:36am,0,rake_thatch,100,Egeria_densa,100,1.9812,Yes
CSTARS,38.05187447436288,-121.50560762070016,2021-07-13,11:42:27am,0,rake_thatch,100,Potamogeton_crispus,100,1.2192,Yes
CSTARS,38.05187447436288,-121.50560762070016,2021-07-13,11:42:27am,0,rake_thatch,100,Egeria_densa,0,1.2192,Yes
CSTARS,38.05187447436288,-121.50560762070016,2021-07-13,11:42:27am,0,rake_thatch,100,Algae,0,1.2192,Yes
CSTARS,38.05204374489479,-121.50488459555487,2021-07-13,11:50:12am,0,rake_thatch,100,Egeria_densa,100,1.524,Yes
CSTARS,38.05059480748288,-121.50322756944578,2021-07-13,12:02:55pm,0,rake_thatch,50,Stuckenia_pectinata,100,1.2954,Yes
CSTARS,38.05059480748288,-121.50322756944578,2021-07-13,12:02:55pm,0,rake_thatch,50,Egeria_densa,0,1.2954,Yes
CSTARS,38.05059480748288,-121.50322756944578,2021-07-13,12:02:55pm,0,rake_thatch,50,Algae,0,1.2954,Yes
CSTARS,38.051481727708726,-121.50266202123548,2021-07-13,12:15:43pm,0,rake_thatch,100,Egeria_densa,100,0.762,Yes
CSTARS,38.051481727708726,-121.50266202123548,2021-07-13,12:15:43pm,0,rake_thatch,100,Algae,0,0.762,Yes
CSTARS,38.050429603339325,-121.50083168258217,2021-07-13,12:29:48pm,0,rake_thatch,100,Myriophyllum_spicatum,60,0.9906,Yes
CSTARS,38.050429603339325,-121.50083168258217,2021-07-13,12:29:48pm,0,rake_thatch,100,Algae,20,0.9906,Yes
CSTARS,38.050429603339325,-121.50083168258217,2021-07-13,12:29:48pm,0,rake_thatch,100,Najas_guadalupensis,20,0.9906,Yes
CSTARS,38.050429603339325,-121.50083168258217,2021-07-13,12:29:48pm,0,rake_thatch,100,Elodea_canadensis,10,0.9906,Yes
CSTARS,38.06286746890222,-121.50004696572098,2021-07-13,12:48:11pm,0,rake_thatch,100,Egeria_densa,50,1.3716000000000002,No
CSTARS,38.08874073920562,-121.53709145625629,2021-07-13,01:00:15pm,0,rake_thatch,100,Egeria_densa,100,2.286,No
CSTARS,38.085669146085856,-121.53809607746635,2021-07-13,01:04:41pm,0,rake_thatch,100,Egeria_densa,100,1.524,No
CSTARS,38.085879378424636,-121.55854817822359,2021-07-13,01:20:59pm,0,rake_thatch,100,Egeria_densa,100,-30.1752,No
CSTARS,38.09357135024696,-121.57134464754498,2021-07-13,01:39:24pm,0,rake_thatch,30,Algae,60,1.8288000000000002,No
CSTARS,38.09357135024696,-121.57134464754498,2021-07-13,01:39:24pm,0,rake_thatch,30,Potamogeton_crispus,30,1.8288000000000002,No
CSTARS,38.09357135024696,-121.57134464754498,2021-07-13,01:39:24pm,0,rake_thatch,30,Stuckenia_pectinata,10,1.8288000000000002,No
CSTARS,38.09943117414221,-121.56246437144766,2021-07-13,01:52:43pm,0,rake_thatch,40,Egeria_densa,50,1.3716000000000002,No
CSTARS,38.09943117414221,-121.56246437144766,2021-07-13,01:52:43pm,0,rake_thatch,40,Najas_guadalupensis,30,1.3716000000000002,No
CSTARS,38.09943117414221,-121.56246437144766,2021-07-13,01:52:43pm,0,rake_thatch,40,Algae,20,1.3716000000000002,No
CSTARS,38.0419902290906,-121.42998921961563,2021-07-14,09:35:37am,0,rake_thatch,20,Egeria_densa,100,1.524,No
CSTARS,38.03233492828322,-121.4906197177824,2021-07-14,10:00:25am,0,rake_thatch,90,Egeria_densa,100,1.8288000000000002,No
CSTARS,38.03233492828322,-121.4906197177824,2021-07-14,10:00:25am,0,rake_thatch,90,Ceratophyllum_demersum,0,1.8288000000000002,No
CSTARS,38.033011817773186,-121.4870369116268,2021-07-14,10:29:13am,0,rake_thatch,60,Ceratophyllum_demersum,100,1.9812,No
CSTARS,38.03007877668362,-121.48765085348627,2021-07-14,10:51:15am,0,rake_thatch,30,Algae,90,2.4384,No
CSTARS,38.03007877668362,-121.48765085348627,2021-07-14,10:51:15am,0,rake_thatch,30,Egeria_densa,10,2.4384,No
CSTARS,38.02844371209438,-121.48521294847296,2021-07-14,11:04:45am,0,rake_thatch,100,Ceratophyllum_demersum,90,0.9144000000000001,No
CSTARS,38.02844371209438,-121.48521294847296,2021-07-14,11:04:45am,0,rake_thatch,100,Egeria_densa,10,0.9144000000000001,No
CSTARS,38.03017634430473,-121.48489369930857,2021-07-14,11:16:18am,0,rake_thatch,0,NA,0,-30.1752,No
CSTARS,38.025274609175895,-121.4768260844412,2021-07-14,12:02:22pm,0,rake_thatch,100,Egeria_densa,100,2.286,No
CSTARS,38.016275278964685,-121.45872280572415,2021-07-14,12:33:07pm,0,rake_thatch,20,Egeria_densa,60,2.7432000000000003,No
CSTARS,38.016275278964685,-121.45872280572415,2021-07-14,12:33:07pm,0,rake_thatch,20,Potamogeton_nodosus,0,2.7432000000000003,No
CSTARS,38.009116872833786,-121.44751359926613,2021-07-14,12:49:33pm,0,rake_thatch,100,Myriophyllum_spicatum,80,1.3716000000000002,Yes
CSTARS,38.009116872833786,-121.44751359926613,2021-07-14,12:49:33pm,0,rake_thatch,100,Egeria_densa,20,1.3716000000000002,Yes
CSTARS,38.00904645148361,-121.44574963074365,2021-07-14,12:57:23pm,0,rake_thatch,30,Myriophyllum_spicatum,100,0.45720000000000005,Yes
CSTARS,38.0028003642113,-121.44513664223904,2021-07-14,01:13:04pm,0,rake_thatch,100,Egeria_densa,100,1.3716000000000002,No
CSTARS,37.996749159494655,-121.44117928650552,2021-07-14,01:22:32pm,0,rake_thatch,30,Stuckenia_pectinata,100,2.286,No
CSTARS,37.996749159494655,-121.44117928650552,2021-07-14,01:22:32pm,0,rake_thatch,30,Algae,0,2.286,No
CSTARS,37.996161522580266,-121.41399444513934,2021-07-14,01:40:29pm,0,rake_thatch,100,Myriophyllum_spicatum,100,0.3048,Yes
CSTARS,37.99605494553283,-121.41431381074813,2021-07-14,01:44:25pm,0,rake_thatch,0,NA,0,-30.1752,No
CSTARS,37.99751840088733,-121.40846640203439,2021-07-14,01:49:10pm,0,rake_thatch,50,Egeria_densa,100,1.0668,Yes
CSTARS,38.00815226131063,-121.3934700542104,2021-07-14,02:05:48pm,0,rake_thatch,30,Stuckenia_pectinata,80,1.3716000000000002,Yes
CSTARS,38.00815226131063,-121.3934700542104,2021-07-14,02:05:48pm,0,rake_thatch,30,Egeria_densa,20,1.3716000000000002,Yes
CSTARS,38.01169130336666,-121.38552857215463,2021-07-14,02:17:48pm,0,rake_thatch,60,Egeria_densa,60,1.6764000000000001,No
CSTARS,38.01169130336666,-121.38552857215463,2021-07-14,02:17:48pm,0,rake_thatch,60,Stuckenia_pectinata,40,1.6764000000000001,No
CSTARS,38.028569916897155,-121.40284930862792,2021-07-14,02:33:19pm,0.1524,rake_thatch,100,Egeria_densa,100,0.762,Yes
CSTARS,38.028569916897155,-121.40284930862792,2021-07-14,02:33:19pm,0.1524,rake_thatch,100,Ceratophyllum_demersum,0,0.762,Yes
