site_code,sample_id,survey_method,sample_date,latitude_wgs84,longitude_wgs84,sav_incidence,total_biomass_fresh_g
DI,DSRS1,rake_thatch,2017-05-25,38.08298879,-121.7239087,0,0
DI,DSRS2,rake_thatch,2017-05-25,38.08307424,-121.7223954,1,700
DI,DSRS3,rake_thatch,2017-05-25,38.08320284,-121.7233099,1,832
DI,DSRS4,rake_thatch,2017-05-25,38.08328967,-121.723838,1,1746
DI,DSRS5,rake_thatch,2017-05-25,38.08334413,-121.7232947,1,1397
DI,DSRS6,rake_thatch,2017-05-25,38.08336408,-121.7198779,1,1060
DI,DSRS7,rake_thatch,2017-05-25,38.08338551,-121.7221642,1,1076
DI,DSRS8,rake_thatch,2017-05-25,38.08341728,-121.7215249,1,2658
DI,DSRS9,rake_thatch,2017-05-25,38.08342133,-121.7191173,1,304
DI,DSRS10,rake_thatch,2017-05-25,38.08348097,-121.720742,1,1570
DI,DSRS11,rake_thatch,2017-05-25,38.08350533,-121.7165812,1,284
DI,DSRS12,rake_thatch,2017-05-25,38.08351844,-121.7218852,1,1542
DI,DSRS13,rake_thatch,2017-05-25,38.08360829,-121.7198334,1,1302
DI,DSRS14,rake_thatch,2017-05-25,38.08363244,-121.7174882,1,510
DI,DSRS15,rake_thatch,2017-05-25,38.08363839,-121.7193905,1,1650
DI,DSRS16,rake_thatch,2017-05-25,38.08368829,-121.7167404,1,446
DI,DSRS17,rake_thatch,2017-05-25,38.08369235,-121.7191417,1,1834
DI,DSRS18,rake_thatch,2017-05-25,38.08378432,-121.72023540000001,1,652
DI,DSRS19,rake_thatch,2017-05-25,38.08387735,-121.716192,1,170
DI,DSRS20,rake_thatch,2017-05-25,38.08388725,-121.7215967,1,1678
DI,DSRS21,rake_thatch,2017-05-25,38.08398567,-121.7197774,1,5.5
FI,DSRS22,rake_thatch,2017-05-26,38.26763027,-121.6964223,1,1984
FI,DSRS23,rake_thatch,2017-05-26,38.26994335,-121.6992698,1,84
FI,DSRS24,rake_thatch,2017-05-26,38.27050458,-121.7002631,1,390
FI,DSRS25,rake_thatch,2017-05-26,38.270544,-121.6982761,1,1388
FI,DSRS26,rake_thatch,2017-05-26,38.27132717,-121.7011886,1,596
FI,DSRS27,rake_thatch,2017-05-26,38.27207945,-121.6971491,1,1774
FI,DSRS28,rake_thatch,2017-05-26,38.2725258,-121.6967073,1,1638
FI,DSRS29,rake_thatch,2017-05-26,38.27310769,-121.6975999,1,1636
FI,DSRS30,rake_thatch,2017-05-26,38.27323474,-121.6996389,1,568
FI,DSRS31,rake_thatch,2017-05-26,38.27421709,-121.70282,1,716
LH,DSRS32,rake_thatch,2017-05-26,38.24555041,-121.6937884,1,252
LH,DSRS33,rake_thatch,2017-05-26,38.2465287,-121.6913154,1,228
LH,DSRS34,rake_thatch,2017-05-26,38.24689803,-121.6899908,1,34
LH,DSRS35,rake_thatch,2017-05-26,38.24699389,-121.6891736,1,1024
LH,DSRS36,rake_thatch,2017-05-26,38.2481176,-121.6906859,1,896
LH,DSRS37,rake_thatch,2017-05-26,38.24835096,-121.6920564,1,300
LH,DSRS38,rake_thatch,2017-06-06,38.24468952,-121.6931617,1,632
LH,DSRS39,rake_thatch,2017-06-06,38.24508961,-121.6913296,1,1168
LH,DSRS40,rake_thatch,2017-06-06,38.24518225,-121.6944266,1,1368
LH,DSRS41,rake_thatch,2017-06-06,38.24545465,-121.6935058,1,280
LH,DSRS42,rake_thatch,2017-06-06,38.24565774,-121.690549,1,554
LH,DSRS43,rake_thatch,2017-06-06,38.24637249,-121.6934817,1,362
LH,DSRS44,rake_thatch,2017-06-06,38.24685548,-121.6922966,1,308
LH,DSRS45,rake_thatch,2017-06-06,38.24689429,-121.6899965,1,656
LH,DSRS46,rake_thatch,2017-06-06,38.24697136,-121.688657,1,352
LH,DSRS47,rake_thatch,2017-06-06,38.24779263,-121.6941337,1,13.4
LH,DSRS48,rake_thatch,2017-06-06,38.24803864,-121.6887539,1,545
LH,DSRS49,rake_thatch,2017-06-06,38.24947729,-121.6944223,1,1796
LH,DSRS50,rake_thatch,2017-06-06,38.24961873,-121.6905217,1,1942
LH,DSRS51,rake_thatch,2017-06-06,38.25030716,-121.6933073,1,111.69999999999999
LH,DSRS52,rake_thatch,2017-06-06,38.25044895,-121.6914357,1,390
LH,DSRS53,rake_thatch,2017-06-06,38.25093282,-121.6907016,1,1284
LH,DSRS54,rake_thatch,2017-06-06,38.25120494,-121.6936992,1,1010
LH,DSRS55,rake_thatch,2017-06-06,38.25153986,-121.6896752,1,980
LH,DSRS56,rake_thatch,2017-06-06,38.2518531,-121.6917716,1,1426
LH,DSRS57,rake_thatch,2017-06-06,38.25251192,-121.6925902,1,7
LH,DSRS58,rake_thatch,2017-06-06,38.25299725,-121.6918652,1,47.5
LH,DSRS59,rake_thatch,2017-06-06,38.25326228,-121.693796,1,482.70000000000005
LH,DSRS60,rake_thatch,2017-06-06,38.25446034,-121.6934283,1,646
LH,DSRS61,rake_thatch,2017-06-06,38.25475336,-121.6913076,1,344
DI,DSRS62,rake_thatch,2017-06-07,38.08306008,-121.7239361,1,2998
DI,DSRS63,rake_thatch,2017-06-07,38.08308915,-121.7234683,1,936
DI,DSRS64,rake_thatch,2017-06-07,38.08316828,-121.7225184,1,4546
DI,DSRS65,rake_thatch,2017-06-07,38.08327953,-121.7222348,1,5362
DI,DSRS66,rake_thatch,2017-06-07,38.08328552,-121.7200184,1,3294
DI,DSRS67,rake_thatch,2017-06-07,38.08328563,-121.7187903,0,0
DI,DSRS68,rake_thatch,2017-06-07,38.08330777,-121.7192406,0,0
DI,DSRS69,rake_thatch,2017-06-07,38.08334974,-121.7238735,1,3372
DI,DSRS70,rake_thatch,2017-06-07,38.08340322,-121.7174494,1,518
DI,DSRS71,rake_thatch,2017-06-07,38.08344395,-121.7182131,1,2850
DI,DSRS72,rake_thatch,2017-06-07,38.08354115,-121.7165833,1,1064
DI,DSRS73,rake_thatch,2017-06-07,38.0837242,-121.7191367,1,5630
FI,DSRS74,rake_thatch,2017-06-07,38.26776252,-121.6962613,1,356
FI,DSRS75,rake_thatch,2017-06-07,38.26936031,-121.6991447,1,1056
FI,DSRS76,rake_thatch,2017-06-07,38.26995501,-121.6992214,1,898
FI,DSRS77,rake_thatch,2017-06-07,38.27072851,-121.7004755,1,178
FI,DSRS78,rake_thatch,2017-06-07,38.27122004,-121.7010104,1,802
FI,DSRS79,rake_thatch,2017-06-07,38.27246684,-121.6977165,1,348
FI,DSRS80,rake_thatch,2017-06-07,38.27256215,-121.6967195,1,2224
FI,DSRS81,rake_thatch,2017-06-09,38.27065425,-121.698259,1,2009.9999999999998
FI,DSRS82,rake_thatch,2017-06-09,38.27182254,-121.6969043,1,418
FI,DSRS83,rake_thatch,2017-06-09,38.27199374,-121.6972303,1,6550
FI,DSRS84,rake_thatch,2017-06-09,38.27302454,-121.6966846,1,2498
FI,DSRS85,rake_thatch,2017-06-09,38.27310927,-121.7017116,1,910
FI,DSRS86,rake_thatch,2017-06-09,38.27318356,-121.6998409,1,1912
FI,DSRS87,rake_thatch,2017-06-09,38.27321993,-121.6975939,1,1952
FI,DSRS88,rake_thatch,2017-06-09,38.27328017,-121.7025683,1,242
FI,DSRS89,rake_thatch,2017-06-09,38.27418834,-121.702307,1,8894
FI,DSRS90,rake_thatch,2017-06-09,38.27472434,-121.7002072,0,0
FI,DSRS91,rake_thatch,2017-06-09,38.2753047,-121.7000102,1,1820
FI,DSRS92,rake_thatch,2017-06-09,38.27578531,-121.7000151,1,308
FI,DSRS93,rake_thatch,2017-06-09,38.27605295,-121.6971473,1,91.7
DI,DSRS94,rake_thatch,2017-07-31,38.08305964,-121.7220393,1,332
DI,DSRS95,rake_thatch,2017-07-31,38.0830891,-121.7234904,1,586
DI,DSRS96,rake_thatch,2017-07-31,38.08330677,-121.7243219,1,1762
DI,DSRS97,rake_thatch,2017-07-31,38.08331989,-121.7240486,1,1036
DI,DSRS98,rake_thatch,2017-07-31,38.08335863,-121.7236213,1,652
DI,DSRS99,rake_thatch,2017-07-31,38.08336486,-121.7225147,1,604
DI,DSRS100,rake_thatch,2017-07-31,38.08344484,-121.7173794,1,888
DI,DSRS101,rake_thatch,2017-07-31,38.08347563,-121.7164853,1,292
DI,DSRS102,rake_thatch,2017-07-31,38.08355391,-121.7222007,1,952
DI,DSRS103,rake_thatch,2017-07-31,38.0835885,-121.7215875,1,850
DI,DSRS104,rake_thatch,2017-07-31,38.08361166,-121.7160742,1,242
DI,DSRS105,rake_thatch,2017-07-31,38.08368558,-121.7191609,1,1680
DI,DSRS106,rake_thatch,2017-07-31,38.08372838,-121.7154208,1,17.2
DI,DSRS107,rake_thatch,2017-07-31,38.08375919,-121.7175927,1,248.9
DI,DSRS108,rake_thatch,2017-07-31,38.0837612,-121.718623,1,444
DI,DSRS109,rake_thatch,2017-07-31,38.08376756,-121.7168901,1,230
DI,DSRS110,rake_thatch,2017-07-31,38.08378139,-121.7162989,1,188
DI,DSRS111,rake_thatch,2017-07-31,38.08386443,-121.7219157,1,648
DI,DSRS112,rake_thatch,2017-07-31,38.08388413,-121.7192935,1,854
DI,DSRS113,rake_thatch,2017-07-31,38.08389487,-121.7202568,1,296
LH,DSRS114,rake_thatch,2017-08-01,38.2448812,-121.6934998,1,1462
LH,DSRS115,rake_thatch,2017-08-01,38.24502279,-121.6916628,1,1018
LH,DSRS116,rake_thatch,2017-08-01,38.2451243,-121.6943444,1,2160
LH,DSRS117,rake_thatch,2017-08-01,38.24521554,-121.6933457,1,2660
LH,DSRS118,rake_thatch,2017-08-01,38.24540445,-121.6937702,1,1568
LH,DSRS119,rake_thatch,2017-08-01,38.24548622,-121.6931602,1,NA
LH,DSRS120,rake_thatch,2017-08-01,38.24551309,-121.6906594,1,990
LH,DSRS121,rake_thatch,2017-08-01,38.24571864,-121.69207,1,3840
LH,DSRS122,rake_thatch,2017-08-01,38.24609522,-121.694886,1,1806
LH,DSRS123,rake_thatch,2017-08-01,38.24643696,-121.6910849,1,1118
LH,DSRS124,rake_thatch,2017-08-01,38.24654422,-121.6934401,1,558
LH,DSRS125,rake_thatch,2017-08-01,38.24676576,-121.6918572,1,1374
LH,DSRS126,rake_thatch,2017-08-01,38.24677986,-121.6899761,1,498
LH,DSRS127,rake_thatch,2017-08-01,38.24689365,-121.6887045,1,1590
LH,DSRS128,rake_thatch,2017-08-01,38.24761012,-121.6913499,1,754
LH,DSRS129,rake_thatch,2017-08-01,38.24776353,-121.6938491,1,548
LH,DSRS130,rake_thatch,2017-08-01,38.24800781,-121.6885455,1,2348
LH,DSRS131,rake_thatch,2017-08-01,38.24846981,-121.6946507,1,304
LH,DSRS132,rake_thatch,2017-08-01,38.2488213,-121.6938401,1,234
LH,DSRS133,rake_thatch,2017-08-01,38.24947123,-121.6945193,1,686
LH,DSRS134,rake_thatch,2017-08-01,38.24966076,-121.6908522,1,584
LH,DSRS135,rake_thatch,2017-08-01,38.25000733,-121.6917466,1,772
LH,DSRS136,rake_thatch,2017-08-01,38.25016373,-121.6908731,1,1338
LH,DSRS137,rake_thatch,2017-08-01,38.25038088,-121.6933186,1,908
LH,DSRS138,rake_thatch,2017-08-01,38.25046697,-121.6914474,1,2017.9999999999998
LH,DSRS139,rake_thatch,2017-08-01,38.25078964,-121.6911864,1,1582
LH,DSRS140,rake_thatch,2017-08-01,38.25088617,-121.6906255,1,1734
LH,DSRS141,rake_thatch,2017-08-01,38.25103742,-121.6938155,1,1562
LH,DSRS142,rake_thatch,2017-08-01,38.25136017,-121.6935668,1,1170
LH,DSRS143,rake_thatch,2017-08-01,38.25170322,-121.6896016,1,1042
LH,DSRS144,rake_thatch,2017-08-01,38.2519371,-121.6917739,1,4006
LH,DSRS145,rake_thatch,2017-08-01,38.2523384,-121.6939715,1,922
LH,DSRS146,rake_thatch,2017-08-01,38.25246332,-121.6911569,1,3630
LH,DSRS147,rake_thatch,2017-08-01,38.25248297,-121.6928873,1,486
LH,DSRS148,rake_thatch,2017-08-01,38.2530687,-121.6919977,1,2830
LH,DSRS149,rake_thatch,2017-08-01,38.25314469,-121.6910106,1,2468
LH,DSRS150,rake_thatch,2017-08-01,38.25348948,-121.6937895,1,650
LH,DSRS151,rake_thatch,2017-08-01,38.25380286,-121.6896164,1,2204
LH,DSRS152,rake_thatch,2017-08-01,38.25446831,-121.6933614,1,484
LH,DSRS153,rake_thatch,2017-08-01,38.25484084,-121.6912041,1,1324
FI,DSRS154,rake_thatch,2017-08-03,38.26762786,-121.6965094,1,970
FI,DSRS155,rake_thatch,2017-08-03,38.26778461,-121.6971104,1,882
FI,DSRS156,rake_thatch,2017-08-03,38.26844351,-121.6962406,1,676
FI,DSRS157,rake_thatch,2017-08-03,38.26858815,-121.6969524,1,518
FI,DSRS158,rake_thatch,2017-08-03,38.2690149,-121.6960283,1,594
FI,DSRS159,rake_thatch,2017-08-03,38.26928643,-121.6988683,1,834
FI,DSRS160,rake_thatch,2017-08-03,38.26945345,-121.6965061,1,824
FI,DSRS161,rake_thatch,2017-08-03,38.27003653,-121.6993759,1,1510
FI,DSRS162,rake_thatch,2017-08-03,38.27010122,-121.6961902,1,342
FI,DSRS163,rake_thatch,2017-08-03,38.27019977,-121.6958373,1,8
FI,DSRS164,rake_thatch,2017-08-03,38.27065506,-121.700576,1,1246
FI,DSRS165,rake_thatch,2017-08-03,38.27069062,-121.6994504,1,1370
FI,DSRS166,rake_thatch,2017-08-03,38.27069748,-121.6983621,1,534
FI,DSRS167,rake_thatch,2017-08-03,38.27126391,-121.6978094,1,2208
FI,DSRS168,rake_thatch,2017-08-03,38.27140811,-121.6994841,1,830
FI,DSRS169,rake_thatch,2017-08-03,38.2716082,-121.6968633,1,184
FI,DSRS170,rake_thatch,2017-08-03,38.27184435,-121.6986201,1,938
FI,DSRS171,rake_thatch,2017-08-03,38.27186201,-121.6975835,1,2204
FI,DSRS172,rake_thatch,2017-08-03,38.2719341,-121.6995486,1,1472
FI,DSRS173,rake_thatch,2017-08-03,38.27217369,-121.6972782,1,4810
FI,DSRS174,rake_thatch,2017-08-03,38.27240274,-121.6978823,1,714
FI,DSRS175,rake_thatch,2017-08-03,38.27245947,-121.6967035,1,2438
FI,DSRS176,rake_thatch,2017-08-03,38.27255979,-121.6974321,1,2001.9999999999998
FI,DSRS177,rake_thatch,2017-08-03,38.27297075,-121.6972288,1,1634
FI,DSRS178,rake_thatch,2017-08-03,38.27300667,-121.6968144,1,894
FI,DSRS179,rake_thatch,2017-08-03,38.27311387,-121.6976721,1,2392
FI,DSRS180,rake_thatch,2017-08-03,38.27315388,-121.6995723,1,1726
FI,DSRS181,rake_thatch,2017-08-03,38.27323494,-121.7018211,1,1286
FI,DSRS182,rake_thatch,2017-08-03,38.27337838,-121.7025023,1,796
FI,DSRS183,rake_thatch,2017-08-03,38.27372808,-121.7017206,1,352
FI,DSRS184,rake_thatch,2017-08-03,38.27409372,-121.7000137,1,1470
FI,DSRS185,rake_thatch,2017-08-03,38.2745452,-121.700024,1,1800
FI,DSRS186,rake_thatch,2017-08-03,38.27472872,-121.7006143,1,60
FI,DSRS187,rake_thatch,2017-08-03,38.27488493,-121.7010225,1,3136
FI,DSRS188,rake_thatch,2017-08-03,38.27519708,-121.6999925,1,518
FI,DSRS189,rake_thatch,2017-08-03,38.27522987,-121.699516,1,454
FI,DSRS190,rake_thatch,2017-08-03,38.27558204,-121.7005441,1,684
FI,DSRS191,rake_thatch,2017-08-03,38.2758671,-121.6984633,1,724
FI,DSRS192,rake_thatch,2017-08-03,38.27586945,-121.6998152,1,146
FI,DSRS193,rake_thatch,2017-08-03,38.27607053,-121.697353,1,122.5
LH,DSRS194,rake_thatch,2017-09-26,38.24481593,-121.6933587,1,406
LH,DSRS195,rake_thatch,2017-09-26,38.24505987,-121.6945078,1,926
LH,DSRS196,rake_thatch,2017-09-26,38.24519053,-121.6916222,1,884
LH,DSRS197,rake_thatch,2017-09-26,38.24522108,-121.6933787,1,704
LH,DSRS198,rake_thatch,2017-09-26,38.24544296,-121.6931129,1,2482
LH,DSRS199,rake_thatch,2017-09-26,38.24548591,-121.6938328,1,1560
LH,DSRS200,rake_thatch,2017-09-26,38.24567493,-121.6922551,1,1152
LH,DSRS201,rake_thatch,2017-09-26,38.24593912,-121.6904085,1,1346
LH,DSRS202,rake_thatch,2017-09-26,38.24604996,-121.694721,1,1104
LH,DSRS203,rake_thatch,2017-09-26,38.24632322,-121.6935037,1,556
LH,DSRS204,rake_thatch,2017-09-26,38.24655748,-121.6913005,1,902
LH,DSRS205,rake_thatch,2017-09-26,38.2467741,-121.69202,1,628
LH,DSRS206,rake_thatch,2017-09-26,38.24694194,-121.6901768,1,280
LH,DSRS207,rake_thatch,2017-09-26,38.24714433,-121.6885274,1,522
LH,DSRS208,rake_thatch,2017-09-26,38.24749172,-121.6914183,1,116
LH,DSRS209,rake_thatch,2017-09-26,38.24785524,-121.6939449,1,834
LH,DSRS210,rake_thatch,2017-09-26,38.2478835,-121.6888396,1,1388
LH,DSRS211,rake_thatch,2017-09-26,38.24851758,-121.6946054,1,102
LH,DSRS212,rake_thatch,2017-09-26,38.24890997,-121.6939556,1,132
LH,DSRS213,rake_thatch,2017-09-26,38.24955786,-121.6943061,1,1894
LH,DSRS214,rake_thatch,2017-09-26,38.24958051,-121.690901,1,604
LH,DSRS215,rake_thatch,2017-09-26,38.25003315,-121.6918034,1,930
LH,DSRS216,rake_thatch,2017-09-26,38.25019601,-121.6909424,1,1728
LH,DSRS217,rake_thatch,2017-09-26,38.25028838,-121.6933016,1,1046
LH,DSRS218,rake_thatch,2017-09-26,38.25059409,-121.6914633,1,3012
LH,DSRS219,rake_thatch,2017-09-26,38.25070687,-121.6940076,1,1310
LH,DSRS220,rake_thatch,2017-09-26,38.25079561,-121.6904766,1,1870
LH,DSRS221,rake_thatch,2017-09-26,38.25082545,-121.6910056,1,1372
LH,DSRS222,rake_thatch,2017-09-26,38.2514186,-121.6937046,1,978
LH,DSRS223,rake_thatch,2017-09-26,38.25160451,-121.6896154,1,622
LH,DSRS224,rake_thatch,2017-09-26,38.2518438,-121.6918641,1,4014.0000000000005
LH,DSRS225,rake_thatch,2017-09-26,38.25220582,-121.6937993,1,2332
LH,DSRS226,rake_thatch,2017-09-26,38.25229152,-121.6928637,1,334
LH,DSRS227,rake_thatch,2017-09-26,38.2523415,-121.6912746,1,4096
LH,DSRS228,rake_thatch,2017-09-26,38.25292728,-121.6920115,1,2450
LH,DSRS229,rake_thatch,2017-09-26,38.25321228,-121.6910386,1,2230
LH,DSRS230,rake_thatch,2017-09-26,38.25342253,-121.6937669,1,330
LH,DSRS231,rake_thatch,2017-09-26,38.25344628,-121.6896678,1,1462
LH,DSRS232,rake_thatch,2017-09-26,38.25417948,-121.6935875,1,708
LH,DSRS233,rake_thatch,2017-09-26,38.25469591,-121.6910964,1,2294
DI,DSRS234,rake_thatch,2017-09-27,38.08299388,-121.7239254,1,76
DI,DSRS235,rake_thatch,2017-09-27,38.08302817,-121.7222874,0,0
DI,DSRS236,rake_thatch,2017-09-27,38.08312413,-121.7236415,1,1214
DI,DSRS237,rake_thatch,2017-09-27,38.08324724,-121.7226865,1,792
DI,DSRS238,rake_thatch,2017-09-27,38.08326576,-121.7243918,1,788
DI,DSRS239,rake_thatch,2017-09-27,38.08328028,-121.7221496,1,978
DI,DSRS240,rake_thatch,2017-09-27,38.0832949,-121.7235729,1,1144
DI,DSRS241,rake_thatch,2017-09-27,38.0833041,-121.720478,1,1518
DI,DSRS242,rake_thatch,2017-09-27,38.08331853,-121.723943,1,958
DI,DSRS243,rake_thatch,2017-09-27,38.08331911,-121.7215886,1,852
DI,DSRS244,rake_thatch,2017-09-27,38.08332048,-121.7189244,0,0
DI,DSRS245,rake_thatch,2017-09-27,38.0833302,-121.7197338,1,1698
DI,DSRS246,rake_thatch,2017-09-27,38.08335907,-121.7200401,1,1092
DI,DSRS247,rake_thatch,2017-09-27,38.08337698,-121.7176221,1,2246
DI,DSRS248,rake_thatch,2017-09-27,38.08342055,-121.7182672,1,1646
DI,DSRS249,rake_thatch,2017-09-27,38.08343589,-121.7242257,1,1144
DI,DSRS250,rake_thatch,2017-09-27,38.08344815,-121.7194989,1,726
DI,DSRS251,rake_thatch,2017-09-27,38.08345071,-121.717912,1,1390
DI,DSRS252,rake_thatch,2017-09-27,38.08347586,-121.7207451,1,896
DI,DSRS253,rake_thatch,2017-09-27,38.08347892,-121.7218375,1,516
DI,DSRS254,rake_thatch,2017-09-27,38.08348792,-121.7173697,1,720
DI,DSRS255,rake_thatch,2017-09-27,38.08349156,-121.7166427,1,668
DI,DSRS256,rake_thatch,2017-09-27,38.08353062,-121.7225873,1,234
DI,DSRS257,rake_thatch,2017-09-27,38.08355051,-121.7199147,1,64
DI,DSRS258,rake_thatch,2017-09-27,38.08357931,-121.7168854,1,714
DI,DSRS259,rake_thatch,2017-09-27,38.08358192,-121.7223448,1,428
DI,DSRS260,rake_thatch,2017-09-27,38.0836207,-121.7155381,1,874
DI,DSRS261,rake_thatch,2017-09-27,38.08367993,-121.7215087,1,68
DI,DSRS262,rake_thatch,2017-09-27,38.08368784,-121.7204942,1,454
DI,DSRS263,rake_thatch,2017-09-27,38.08369025,-121.717651,1,366
DI,DSRS264,rake_thatch,2017-09-27,38.08369526,-121.7191581,1,1004
DI,DSRS265,rake_thatch,2017-09-27,38.08369618,-121.7186712,1,988
DI,DSRS266,rake_thatch,2017-09-27,38.08369882,-121.7159556,1,1246
DI,DSRS267,rake_thatch,2017-09-27,38.08370179,-121.7180465,1,60
DI,DSRS268,rake_thatch,2017-09-27,38.08377408,-121.7218177,1,142
DI,DSRS269,rake_thatch,2017-09-27,38.08379006,-121.7168018,1,522
DI,DSRS270,rake_thatch,2017-09-27,38.08384789,-121.71632,1,40
DI,DSRS271,rake_thatch,2017-09-27,38.08388504,-121.7202807,1,330
DI,DSRS272,rake_thatch,2017-09-27,38.08393369,-121.719799,1,320
DI,DSRS273,rake_thatch,2017-09-27,38.08395473,-121.7192581,1,204
FI,DSRS274,rake_thatch,2017-09-29,38.2677293,-121.6961817,1,232
FI,DSRS275,rake_thatch,2017-09-29,38.26774302,-121.6971172,1,54
FI,DSRS276,rake_thatch,2017-09-29,38.26857214,-121.6960344,1,760
FI,DSRS277,rake_thatch,2017-09-29,38.26876719,-121.697406,1,1828
FI,DSRS278,rake_thatch,2017-09-29,38.26912199,-121.6988927,1,672
FI,DSRS279,rake_thatch,2017-09-29,38.26917274,-121.6960679,1,1624
FI,DSRS280,rake_thatch,2017-09-29,38.26955232,-121.69922270000001,1,1160
FI,DSRS281,rake_thatch,2017-09-29,38.27019987,-121.6958476,1,914
FI,DSRS282,rake_thatch,2017-09-29,38.27025181,-121.6989993,1,2686
FI,DSRS283,rake_thatch,2017-09-29,38.27038477,-121.6977848,1,2045.9999999999998
FI,DSRS284,rake_thatch,2017-09-29,38.27072052,-121.7008527,1,276
FI,DSRS285,rake_thatch,2017-09-29,38.2714652,-121.7009592,1,1652
FI,DSRS286,rake_thatch,2017-09-29,38.27146908,-121.6996191,1,1054
FI,DSRS287,rake_thatch,2017-09-29,38.27149541,-121.6975355,1,3268
FI,DSRS288,rake_thatch,2017-09-29,38.27181595,-121.6967114,1,234
FI,DSRS289,rake_thatch,2017-09-29,38.27184865,-121.6994327,1,548
FI,DSRS290,rake_thatch,2017-09-29,38.27192641,-121.6987067,1,560
FI,DSRS291,rake_thatch,2017-09-29,38.27215336,-121.6979372,1,3672
FI,DSRS292,rake_thatch,2017-09-29,38.27223913,-121.6972658,1,3652
FI,DSRS293,rake_thatch,2017-09-29,38.2725803,-121.7019677,1,972
FI,DSRS294,rake_thatch,2017-09-29,38.27271234,-121.6963879,1,2706
FI,DSRS295,rake_thatch,2017-09-29,38.27271444,-121.6974263,1,1558
FI,DSRS296,rake_thatch,2017-09-29,38.2729771,-121.696914,1,2012
FI,DSRS297,rake_thatch,2017-09-29,38.27322056,-121.7015449,1,3210
FI,DSRS298,rake_thatch,2017-09-29,38.27325692,-121.6976236,1,664
FI,DSRS299,rake_thatch,2017-09-29,38.27332463,-121.6995818,1,NA
FI,DSRS300,rake_thatch,2017-09-29,38.27343895,-121.7022035,1,1304
FI,DSRS301,rake_thatch,2017-09-29,38.27376828,-121.7015779,1,1012
FI,DSRS302,rake_thatch,2017-09-29,38.27425372,-121.7028669,1,3218
FI,DSRS303,rake_thatch,2017-09-29,38.27466852,-121.6998791,1,926
FI,DSRS304,rake_thatch,2017-09-29,38.27477637,-121.7003185,1,580
FI,DSRS305,rake_thatch,2017-09-29,38.27506631,-121.6995682,1,1484
FI,DSRS306,rake_thatch,2017-09-29,38.27525135,-121.7002361,1,1244
FI,DSRS307,rake_thatch,2017-09-29,38.2754289,-121.7024591,1,1828
FI,DSRS308,rake_thatch,2017-09-29,38.27564933,-121.696864,1,266
FI,DSRS309,rake_thatch,2017-09-29,38.27574043,-121.7006234,1,1810
FI,DSRS310,rake_thatch,2017-09-29,38.27627926,-121.6999194,1,676
FI,DSRS311,rake_thatch,2017-09-29,38.27632212,-121.6985686,1,798
DI,DSRS312,rake_thatch,2017-11-28,38.08299587,-121.7222786,0,0
DI,DSRS313,rake_thatch,2017-11-28,38.0830248,-121.7239329,0,0
DI,DSRS314,rake_thatch,2017-11-28,38.08316753,-121.7235898,1,572
DI,DSRS315,rake_thatch,2017-11-28,38.08323412,-121.7226984,1,1170
DI,DSRS316,rake_thatch,2017-11-28,38.08323673,-121.7197747,1,1290
DI,DSRS317,rake_thatch,2017-11-28,38.08326149,-121.7201355,1,1500
DI,DSRS318,rake_thatch,2017-11-28,38.08326401,-121.7220878,1,1764
DI,DSRS319,rake_thatch,2017-11-28,38.08326567,-121.7244797,1,6064
DI,DSRS320,rake_thatch,2017-11-28,38.08328335,-121.7187988,1,1522
DI,DSRS321,rake_thatch,2017-11-28,38.08329998,-121.7189558,1,266
DI,DSRS322,rake_thatch,2017-11-28,38.08330793,-121.7215546,1,2524
DI,DSRS323,rake_thatch,2017-11-28,38.08333624,-121.7239515,1,1694
DI,DSRS324,rake_thatch,2017-11-28,38.08335831,-121.717651,1,2454
DI,DSRS325,rake_thatch,2017-11-28,38.08336868,-121.7235418,1,1790
DI,DSRS326,rake_thatch,2017-11-28,38.08338951,-121.7196187,1,2033.9999999999998
DI,DSRS327,rake_thatch,2017-11-28,38.08339848,-121.7205255,1,2636
DI,DSRS328,rake_thatch,2017-11-28,38.08340571,-121.7208277,1,1088
DI,DSRS329,rake_thatch,2017-11-28,38.08343111,-121.7217529,1,1488
DI,DSRS330,rake_thatch,2017-11-28,38.08343683,-121.7242773,1,3056
DI,DSRS331,rake_thatch,2017-11-28,38.08344047,-121.717927,1,2148
DI,DSRS332,rake_thatch,2017-11-28,38.08346176,-121.7182614,1,1720
DI,DSRS333,rake_thatch,2017-11-28,38.08347355,-121.717412,1,1989
DI,DSRS334,rake_thatch,2017-11-28,38.0835056,-121.7226037,1,2106
DI,DSRS335,rake_thatch,2017-11-28,38.08352192,-121.7199242,1,1016
DI,DSRS336,rake_thatch,2017-11-28,38.0835281,-121.7166571,1,1272
DI,DSRS337,rake_thatch,2017-11-28,38.08353377,-121.7156752,0,0
DI,DSRS338,rake_thatch,2017-11-28,38.08353455,-121.7215469,1,1200
DI,DSRS339,rake_thatch,2017-11-28,38.083543830000004,-121.722249,1,634
DI,DSRS340,rake_thatch,2017-11-28,38.0835486,-121.7169438,1,3174
DI,DSRS341,rake_thatch,2017-11-28,38.08359643,-121.7160331,1,2626
DI,DSRS342,rake_thatch,2017-11-28,38.08369873,-121.7204821,1,1220
DI,DSRS343,rake_thatch,2017-11-28,38.08370909,-121.718666,1,1442
DI,DSRS344,rake_thatch,2017-11-28,38.08373207,-121.717694,1,692
DI,DSRS345,rake_thatch,2017-11-28,38.08375618,-121.7180184,1,500
DI,DSRS346,rake_thatch,2017-11-28,38.08376308,-121.7193021,1,1406
DI,DSRS347,rake_thatch,2017-11-28,38.08378078,-121.7168515,1,1110
DI,DSRS348,rake_thatch,2017-11-28,38.08379649,-121.7164662,1,1280
DI,DSRS349,rake_thatch,2017-11-28,38.08380373,-121.7218563,1,120
DI,DSRS350,rake_thatch,2017-11-28,38.08392017,-121.7202894,1,1392
DI,DSRS351,rake_thatch,2017-11-28,38.08394415,-121.7198246,1,534
LH,DSRS352,rake_thatch,2017-11-29,38.24485528,-121.6941098,1,63
LH,DSRS353,rake_thatch,2017-11-29,38.24492298,-121.6933682,1,1102
LH,DSRS354,rake_thatch,2017-11-29,38.24502526,-121.6917171,1,1854
LH,DSRS355,rake_thatch,2017-11-29,38.24542017,-121.6939556,1,1344
LH,DSRS356,rake_thatch,2017-11-29,38.24543007,-121.6906621,1,1706
LH,DSRS357,rake_thatch,2017-11-29,38.2455854,-121.6929479,1,1596
LH,DSRS358,rake_thatch,2017-11-29,38.2459816,-121.6904797,1,1136
LH,DSRS359,rake_thatch,2017-11-29,38.24600498,-121.6949497,1,1002
LH,DSRS360,rake_thatch,2017-11-29,38.24640449,-121.6913149,1,1380
LH,DSRS361,rake_thatch,2017-11-29,38.24655594,-121.6936692,1,NA
LH,DSRS362,rake_thatch,2017-11-29,38.24686868,-121.6887666,1,1744
LH,DSRS363,rake_thatch,2017-11-29,38.24688667,-121.6921675,1,1242
LH,DSRS364,rake_thatch,2017-11-29,38.24714108,-121.6899596,1,766
LH,DSRS365,rake_thatch,2017-11-29,38.24751419,-121.6913062,1,110
LH,DSRS366,rake_thatch,2017-11-29,38.24775111,-121.6937511,1,25
LH,DSRS367,rake_thatch,2017-11-29,38.24782476,-121.6887695,1,308
LH,DSRS368,rake_thatch,2017-11-29,38.2483671,-121.6948011,1,2028
LH,DSRS369,rake_thatch,2017-11-29,38.24837564,-121.6921887,1,592
LH,DSRS370,rake_thatch,2017-11-29,38.24883651,-121.6938403,1,928
LH,DSRS371,rake_thatch,2017-11-29,38.24950104,-121.6906426,1,560
LH,DSRS372,rake_thatch,2017-11-29,38.24950466,-121.6944602,1,2704
LH,DSRS373,rake_thatch,2017-11-29,38.24951432,-121.6895816,1,96
LH,DSRS374,rake_thatch,2017-11-29,38.25000922,-121.6918252,1,1748
LH,DSRS375,rake_thatch,2017-11-29,38.25048206,-121.6931888,1,1250
LH,DSRS376,rake_thatch,2017-11-29,38.2505175,-121.6939953,1,4518
LH,DSRS377,rake_thatch,2017-11-29,38.2505239,-121.6914883,1,2182
LH,DSRS378,rake_thatch,2017-11-29,38.25086795,-121.6905168,1,3316
LH,DSRS379,rake_thatch,2017-11-29,38.25119717,-121.6935963,1,4468
LH,DSRS380,rake_thatch,2017-11-29,38.25191836,-121.6918479,1,4196
LH,DSRS381,rake_thatch,2017-11-29,38.25193311,-121.689683,1,260
LH,DSRS382,rake_thatch,2017-11-29,38.2523257,-121.692991,1,4216
LH,DSRS383,rake_thatch,2017-11-29,38.25235817,-121.6938163,1,3570
LH,DSRS384,rake_thatch,2017-11-29,38.25246719,-121.6912609,1,3222
LH,DSRS385,rake_thatch,2017-11-29,38.25288583,-121.690954,1,3624
LH,DSRS386,rake_thatch,2017-11-29,38.25307806,-121.6918013,1,2009.9999999999998
LH,DSRS387,rake_thatch,2017-11-29,38.25334183,-121.6937574,1,1166
LH,DSRS388,rake_thatch,2017-11-29,38.25348523,-121.6894119,1,NA
LH,DSRS389,rake_thatch,2017-11-29,38.25384533,-121.6932472,1,320
LH,DSRS390,rake_thatch,2017-11-29,38.25449656,-121.6934513,1,364
LH,DSRS391,rake_thatch,2017-11-29,38.25467242,-121.6910342,1,878
FI,DSRS392,rake_thatch,2017-12-01,38.26767783,-121.696589,1,350
FI,DSRS393,rake_thatch,2017-12-01,38.2682673,-121.6962421,1,946
FI,DSRS394,rake_thatch,2017-12-01,38.26850379,-121.6969722,1,850
FI,DSRS395,rake_thatch,2017-12-01,38.26908864,-121.6959759,1,2992
FI,DSRS396,rake_thatch,2017-12-01,38.26921927,-121.6990505,1,2978
FI,DSRS397,rake_thatch,2017-12-01,38.26950192,-121.6966182,1,892
FI,DSRS398,rake_thatch,2017-12-01,38.26984377,-121.6991945,1,2037.9999999999998
FI,DSRS399,rake_thatch,2017-12-01,38.27008307,-121.6959911,0,0
FI,DSRS400,rake_thatch,2017-12-01,38.27013867,-121.6965854,1,168
FI,DSRS401,rake_thatch,2017-12-01,38.27059967,-121.7004303,1,2076
FI,DSRS402,rake_thatch,2017-12-01,38.27074001,-121.6995664,1,1714
FI,DSRS403,rake_thatch,2017-12-01,38.27074592,-121.6985326,1,702
FI,DSRS404,rake_thatch,2017-12-01,38.27130385,-121.6977707,1,436
FI,DSRS405,rake_thatch,2017-12-01,38.27132363,-121.701125,1,430
FI,DSRS406,rake_thatch,2017-12-01,38.27145143,-121.6993148,1,270
FI,DSRS407,rake_thatch,2017-12-01,38.27176372,-121.6987615,1,3202
FI,DSRS408,rake_thatch,2017-12-01,38.27177138,-121.6969396,1,2576
FI,DSRS409,rake_thatch,2017-12-01,38.27188666,-121.6974052,1,2764
FI,DSRS410,rake_thatch,2017-12-01,38.27200298,-121.6995825,1,1314
FI,DSRS411,rake_thatch,2017-12-01,38.27234896,-121.69797990000001,1,778
FI,DSRS412,rake_thatch,2017-12-01,38.27256035,-121.6968173,1,554
FI,DSRS413,rake_thatch,2017-12-01,38.2727272,-121.7022956,1,302
FI,DSRS414,rake_thatch,2017-12-01,38.27301454,-121.7016896,1,1096
FI,DSRS415,rake_thatch,2017-12-01,38.27312095,-121.6965678,1,982
FI,DSRS416,rake_thatch,2017-12-01,38.27313669,-121.69706,1,842
FI,DSRS417,rake_thatch,2017-12-01,38.27323546,-121.7025023,1,1136
FI,DSRS418,rake_thatch,2017-12-01,38.27323803,-121.6998188,1,1194
FI,DSRS419,rake_thatch,2017-12-01,38.27325277,-121.69769960000001,1,1340
FI,DSRS420,rake_thatch,2017-12-01,38.27376214,-121.7017953,1,948
FI,DSRS421,rake_thatch,2017-12-01,38.27406438,-121.7025183,1,3202
FI,DSRS422,rake_thatch,2017-12-01,38.27416823,-121.7001424,1,1704
FI,DSRS423,rake_thatch,2017-12-01,38.27460993,-121.6999176,1,2234
FI,DSRS424,rake_thatch,2017-12-01,38.27470409,-121.7003848,1,932
FI,DSRS425,rake_thatch,2017-12-01,38.27501465,-121.7011009,1,2120
FI,DSRS426,rake_thatch,2017-12-01,38.27513204,-121.7003351,1,7836
FI,DSRS427,rake_thatch,2017-12-01,38.27517649,-121.6996405,1,932
FI,DSRS428,rake_thatch,2017-12-01,38.27562036,-121.702443,1,632
FI,DSRS429,rake_thatch,2017-12-01,38.27573907,-121.7005053,1,1822
FI,DSRS430,rake_thatch,2017-12-01,38.27591006,-121.6998261,1,778
FI,DSRS431,rake_thatch,2017-12-01,38.27594594,-121.6975093,1,328
DI,DSRS432,rake_thatch,2018-02-06,38.08307857,-121.7240862,1,5986
DI,DSRS433,rake_thatch,2018-02-06,38.08316218,-121.7224722,1,3040
DI,DSRS434,rake_thatch,2018-02-06,38.08320967,-121.7189001,1,0.3
DI,DSRS435,rake_thatch,2018-02-06,38.0832188,-121.7241097,1,4498
DI,DSRS436,rake_thatch,2018-02-06,38.08333125,-121.72328,1,1570
DI,DSRS437,rake_thatch,2018-02-06,38.08340735,-121.7194516,1,1520
DI,DSRS438,rake_thatch,2018-02-06,38.08342102,-121.7200831,1,2440
DI,DSRS439,rake_thatch,2018-02-06,38.08342848,-121.7184134,1,1850
DI,DSRS440,rake_thatch,2018-02-06,38.08344641,-121.7216179,1,2156
DI,DSRS441,rake_thatch,2018-02-06,38.083520300000004,-121.7173493,1,3074
DI,DSRS442,rake_thatch,2018-02-06,38.08360948,-121.7198736,1,1394
DI,DSRS443,rake_thatch,2018-02-06,38.08364502,-121.71923,1,1012
DI,DSRS444,rake_thatch,2018-02-06,38.08365604,-121.7226244,1,2152
DI,DSRS445,rake_thatch,2018-02-06,38.0837283,-121.7168064,1,504
DI,DSRS446,rake_thatch,2018-02-06,38.08378383,-121.7181499,1,500
DI,DSRS447,rake_thatch,2018-02-06,38.08382305,-121.7184569,1,1234
DI,DSRS448,rake_thatch,2018-02-06,38.0838894,-121.7217745,1,1104
DI,DSRS449,rake_thatch,2018-02-06,38.0839311,-121.7197755,1,950
DI,DSRS450,rake_thatch,2018-02-06,38.08394597,-121.7201417,1,2148
DI,DSRS451,rake_thatch,2018-02-06,38.08406366,-121.7192214,1,2196
FI,DSRS452,rake_thatch,2018-02-07,38.26771832,-121.6965627,1,916
FI,DSRS453,rake_thatch,2018-02-07,38.26934747,-121.6990734,1,2017.9999999999998
FI,DSRS454,rake_thatch,2018-02-07,38.26970383,-121.6992824,1,2564
FI,DSRS455,rake_thatch,2018-02-07,38.27063019,-121.7004698,1,186
FI,DSRS456,rake_thatch,2018-02-07,38.2707444,-121.6983539,1,786
FI,DSRS457,rake_thatch,2018-02-07,38.27125423,-121.7009998,1,482
FI,DSRS458,rake_thatch,2018-02-07,38.27145619,-121.6968457,1,2016
FI,DSRS459,rake_thatch,2018-02-07,38.27166884,-121.6973683,1,1578
FI,DSRS460,rake_thatch,2018-02-07,38.27223177,-121.6977669,1,584
FI,DSRS461,rake_thatch,2018-02-07,38.27248787,-121.6970828,1,2090
FI,DSRS462,rake_thatch,2018-02-07,38.27305923,-121.7017563,1,200
FI,DSRS463,rake_thatch,2018-02-07,38.27311765,-121.6976972,1,1942
FI,DSRS464,rake_thatch,2018-02-07,38.27315897,-121.6967838,1,668
FI,DSRS465,rake_thatch,2018-02-07,38.27321421,-121.7025953,1,412
FI,DSRS466,rake_thatch,2018-02-07,38.27323328,-121.6997266,1,510
FI,DSRS467,rake_thatch,2018-02-07,38.2740524,-121.7027265,1,5164
FI,DSRS468,rake_thatch,2018-02-07,38.27474722,-121.7003053,1,3700
FI,DSRS469,rake_thatch,2018-02-07,38.27529418,-121.7001247,1,698
FI,DSRS470,rake_thatch,2018-02-07,38.27581771,-121.7003513,1,50
FI,DSRS471,rake_thatch,2018-02-07,38.27591997,-121.6974129,1,660
LH,DSRS472,rake_thatch,2018-02-07,38.2448659,-121.6933805,1,1086
LH,DSRS473,rake_thatch,2018-02-07,38.24503094,-121.6940028,1,346
LH,DSRS474,rake_thatch,2018-02-07,38.24515013,-121.691653,1,1200
LH,DSRS475,rake_thatch,2018-02-07,38.24542099,-121.6937839,1,660
LH,DSRS476,rake_thatch,2018-02-07,38.24652015,-121.6935295,1,760
LH,DSRS477,rake_thatch,2018-02-07,38.24675958,-121.69192,1,270
LH,DSRS478,rake_thatch,2018-02-07,38.24722968,-121.6885063,1,706
LH,DSRS479,rake_thatch,2018-02-07,38.24760293,-121.6889283,1,504
LH,DSRS480,rake_thatch,2018-02-07,38.24806196,-121.6938276,1,136
LH,DSRS481,rake_thatch,2018-02-07,38.24952377,-121.6942086,1,60
LH,DSRS482,rake_thatch,2018-02-07,38.24982086,-121.6907542,1,2266
LH,DSRS483,rake_thatch,2018-02-07,38.25025773,-121.6914447,1,384
LH,DSRS484,rake_thatch,2018-02-07,38.25032164,-121.69364,1,1086
LH,DSRS485,rake_thatch,2018-02-07,38.250769150000004,-121.6905003,1,654
LH,DSRS486,rake_thatch,2018-02-07,38.25145709,-121.6937399,1,2820
LH,DSRS487,rake_thatch,2018-02-07,38.25248337,-121.693103,1,420
LH,DSRS488,rake_thatch,2018-02-07,38.25315963,-121.6917948,1,2496
LH,DSRS489,rake_thatch,2018-02-07,38.25341582,-121.6939679,1,704
LH,DSRS490,rake_thatch,2018-02-07,38.25453158,-121.6914802,1,78
LH,DSRS491,rake_thatch,2018-02-07,38.25454214,-121.6933378,1,71.5
DI,DSRS492,rake_thatch,2018-04-17,38.08309559,-121.7238234,1,2698
DI,DSRS493,rake_thatch,2018-04-17,38.0831002,-121.7220145,1,58
DI,DSRS494,rake_thatch,2018-04-17,38.0831823,-121.7226505,1,1438
DI,DSRS495,rake_thatch,2018-04-17,38.08321176,-121.7232572,1,1882
DI,DSRS496,rake_thatch,2018-04-17,38.08324805,-121.718758,1,3878
DI,DSRS497,rake_thatch,2018-04-17,38.08328108,-121.7240474,1,2508
DI,DSRS498,rake_thatch,2018-04-17,38.08332948,-121.7222007,1,1840
DI,DSRS499,rake_thatch,2018-04-17,38.0833535,-121.7200889,1,1232
DI,DSRS500,rake_thatch,2018-04-17,38.08336255,-121.7216063,1,2794
DI,DSRS501,rake_thatch,2018-04-17,38.08346976,-121.7175278,1,3170
DI,DSRS502,rake_thatch,2018-04-17,38.08350618,-121.7204053,1,1746
DI,DSRS503,rake_thatch,2018-04-17,38.08352843,-121.7187832,1,4486
DI,DSRS504,rake_thatch,2018-04-17,38.08357839,-121.7168041,1,2028
DI,DSRS505,rake_thatch,2018-04-17,38.08359951,-121.7223102,1,1124
DI,DSRS506,rake_thatch,2018-04-17,38.08364708,-121.7197227,1,1030
DI,DSRS507,rake_thatch,2018-04-17,38.08368278,-121.7185248,1,792
DI,DSRS508,rake_thatch,2018-04-17,38.08379954,-121.7217177,1,968
DI,DSRS509,rake_thatch,2018-04-17,38.08384279,-121.7165821,1,2170
DI,DSRS510,rake_thatch,2018-04-17,38.08391655,-121.7197521,1,810
DI,DSRS511,rake_thatch,2018-04-17,38.08397162,-121.7190266,1,666
FC,DSRS512,rake_thatch,2018-04-17,38.0767056,-121.6476445,1,2606
FC,DSRS513,rake_thatch,2018-04-17,38.07728999,-121.6477603,1,5070
FC,DSRS514,rake_thatch,2018-04-17,38.07748571,-121.647536,1,2822
FC,DSRS515,rake_thatch,2018-04-17,38.07783221,-121.6478176,1,1632
FC,DSRS516,rake_thatch,2018-04-17,38.07802923,-121.6474978,1,2262
FC,DSRS517,rake_thatch,2018-04-17,38.07861701,-121.6474129,1,6032
FC,DSRS518,rake_thatch,2018-04-17,38.07926447,-121.6473283,1,294
FC,DSRS519,rake_thatch,2018-04-17,38.08004487,-121.6473597,1,16
FC,DSRS520,rake_thatch,2018-04-17,38.08082531,-121.647996,1,2140
FC,DSRS521,rake_thatch,2018-04-17,38.0808611,-121.6475492,0,0
FI,DSRS522,rake_thatch,2018-04-19,38.26768546,-121.6965812,1,230
FI,DSRS523,rake_thatch,2018-04-19,38.26912095,-121.6962393,1,1400
FI,DSRS524,rake_thatch,2018-04-19,38.26944302,-121.6991221,1,74
FI,DSRS525,rake_thatch,2018-04-19,38.26984728,-121.6989945,1,88
FI,DSRS526,rake_thatch,2018-04-19,38.27011098,-121.6957529,1,3
FI,DSRS527,rake_thatch,2018-04-19,38.27075316,-121.6983031,1,19
FI,DSRS528,rake_thatch,2018-04-19,38.27078911,-121.7003471,1,302
FI,DSRS529,rake_thatch,2018-04-19,38.27129178,-121.7012585,1,412
FI,DSRS530,rake_thatch,2018-04-19,38.27192323,-121.697518,1,376
FI,DSRS531,rake_thatch,2018-04-19,38.27261867,-121.6966356,1,500
FI,DSRS532,rake_thatch,2018-04-19,38.27295462,-121.7017402,1,530
FI,DSRS533,rake_thatch,2018-04-19,38.27313953,-121.6966132,1,1600
FI,DSRS534,rake_thatch,2018-04-19,38.27326203,-121.702643,1,270
FI,DSRS535,rake_thatch,2018-04-19,38.27327376,-121.6978047,1,452
FI,DSRS536,rake_thatch,2018-04-19,38.27328231,-121.6996991,1,214
FI,DSRS537,rake_thatch,2018-04-19,38.27404008,-121.7002074,1,724
FI,DSRS538,rake_thatch,2018-04-19,38.27420843,-121.7025886,1,6722
FI,DSRS539,rake_thatch,2018-04-19,38.27480895,-121.700916,1,1850
FI,DSRS540,rake_thatch,2018-04-19,38.27564714,-121.7006529,1,54
FI,DSRS541,rake_thatch,2018-04-19,38.27609591,-121.6974318,1,962
LH,DSRS542,rake_thatch,2018-04-19,38.24161549,-121.6900689,1,186
LH,DSRS543,rake_thatch,2018-04-19,38.24503656,-121.6915808,1,616
LH,DSRS544,rake_thatch,2018-04-19,38.24594968,-121.6904946,1,204
LH,DSRS545,rake_thatch,2018-04-19,38.24629481,-121.693863,1,27
LH,DSRS546,rake_thatch,2018-04-19,38.24681008,-121.6900481,1,12
LH,DSRS547,rake_thatch,2018-04-19,38.24688699,-121.691867,1,15
LH,DSRS548,rake_thatch,2018-04-19,38.24692299,-121.688652,1,178
LH,DSRS549,rake_thatch,2018-04-19,38.2478621,-121.6942047,1,188
LH,DSRS550,rake_thatch,2018-04-19,38.24808883,-121.6887023,1,360
LH,DSRS551,rake_thatch,2018-04-19,38.24938882,-121.6942398,1,424
LH,DSRS552,rake_thatch,2018-04-19,38.24959987,-121.6906619,1,40
LH,DSRS553,rake_thatch,2018-04-19,38.25022185,-121.6933459,1,164
LH,DSRS554,rake_thatch,2018-04-19,38.25052327,-121.6914149,1,30
LH,DSRS555,rake_thatch,2018-04-19,38.25089576,-121.6903368,1,236
LH,DSRS556,rake_thatch,2018-04-19,38.25166668,-121.6938441,1,3748
LH,DSRS557,rake_thatch,2018-04-19,38.25251313,-121.6932865,0,0
LH,DSRS558,rake_thatch,2018-04-19,38.25306089,-121.6915915,1,242
LH,DSRS559,rake_thatch,2018-04-19,38.25336012,-121.6938727,1,344
LH,DSRS560,rake_thatch,2018-04-19,38.25447353,-121.6935496,1,29
LH,DSRS561,rake_thatch,2018-04-19,38.25494141,-121.6913861,1,298
FI,DSRS562,rake_thatch,2018-06-13,38.26773202,-121.6966041,1,1646
FI,DSRS563,rake_thatch,2018-06-13,38.26919911,-121.6962933,1,3256
FI,DSRS564,rake_thatch,2018-06-13,38.27005411,-121.6989532,1,2548
FI,DSRS565,rake_thatch,2018-06-13,38.27011261,-121.6959003,1,1666
FI,DSRS566,rake_thatch,2018-06-13,38.27069659,-121.6985822,1,252
FI,DSRS567,rake_thatch,2018-06-13,38.2707265,-121.7002135,1,388
FI,DSRS568,rake_thatch,2018-06-13,38.27122858,-121.7012799,1,214
FI,DSRS569,rake_thatch,2018-06-13,38.27154659,-121.6969313,1,2590
FI,DSRS570,rake_thatch,2018-06-13,38.27216274,-121.6975209,1,790
FI,DSRS571,rake_thatch,2018-06-13,38.27236013,-121.6967367,1,3146
FI,DSRS572,rake_thatch,2018-06-13,38.2730371,-121.6969611,1,920
FI,DSRS573,rake_thatch,2018-06-13,38.27305981,-121.6997895,1,222
FI,DSRS574,rake_thatch,2018-06-13,38.27308052,-121.6977996,1,678
FI,DSRS575,rake_thatch,2018-06-13,38.27322435,-121.7017394,1,970
FI,DSRS576,rake_thatch,2018-06-13,38.27329426,-121.7026825,1,2398
FI,DSRS577,rake_thatch,2018-06-13,38.27418814,-121.7027777,1,8882
FI,DSRS578,rake_thatch,2018-06-13,38.27478632,-121.700491,1,4684
FI,DSRS579,rake_thatch,2018-06-13,38.27537825,-121.7002236,1,2988
FI,DSRS580,rake_thatch,2018-06-13,38.27587609,-121.7004483,1,1080
FI,DSRS581,rake_thatch,2018-06-13,38.27597248,-121.6972013,1,1082
LH,DSRS582,rake_thatch,2018-06-13,38.24499871,-121.6916762,1,410
LH,DSRS583,rake_thatch,2018-06-13,38.24542485,-121.6936517,1,188
LH,DSRS584,rake_thatch,2018-06-13,38.2460001,-121.6905034,1,234
LH,DSRS585,rake_thatch,2018-06-13,38.24639447,-121.6936646,1,282
LH,DSRS586,rake_thatch,2018-06-13,38.24678883,-121.6921185,1,16
LH,DSRS587,rake_thatch,2018-06-13,38.24691083,-121.6888396,1,534
LH,DSRS588,rake_thatch,2018-06-13,38.24691477,-121.6903137,1,47.6
LH,DSRS589,rake_thatch,2018-06-13,38.24771202,-121.6940589,1,8.6
LH,DSRS590,rake_thatch,2018-06-13,38.24791349,-121.6888003,1,1092
LH,DSRS591,rake_thatch,2018-06-13,38.24940441,-121.6943417,1,272
LH,DSRS592,rake_thatch,2018-06-13,38.24984898,-121.6908457,1,106
LH,DSRS593,rake_thatch,2018-06-13,38.25035546,-121.6933395,1,186
LH,DSRS594,rake_thatch,2018-06-13,38.2505325,-121.69157,1,76
LH,DSRS595,rake_thatch,2018-06-13,38.25092325,-121.6904953,1,176
LH,DSRS596,rake_thatch,2018-06-13,38.25135743,-121.6935695,1,826
LH,DSRS597,rake_thatch,2018-06-13,38.25244526,-121.692954,1,6.6
LH,DSRS598,rake_thatch,2018-06-13,38.25291441,-121.6920071,1,756
LH,DSRS599,rake_thatch,2018-06-13,38.25338598,-121.6939302,1,51.6
LH,DSRS600,rake_thatch,2018-06-13,38.25436926,-121.693512,1,222
LH,DSRS601,rake_thatch,2018-06-13,38.25484574,-121.6909819,1,23.099999999999998
FC,DSRS602,rake_thatch,2018-06-14,38.07683737,-121.6475973,1,2528
FC,DSRS603,rake_thatch,2018-06-14,38.07717143,-121.647766,1,2072
FC,DSRS604,rake_thatch,2018-06-14,38.07724028,-121.6474732,1,2254
FC,DSRS605,rake_thatch,2018-06-14,38.07746227,-121.6475299,1,6092
FC,DSRS606,rake_thatch,2018-06-14,38.07753889,-121.6477562,1,4121
FC,DSRS607,rake_thatch,2018-06-14,38.07782769,-121.64782,1,4018
FC,DSRS608,rake_thatch,2018-06-14,38.07789516,-121.6474949,1,702
FC,DSRS609,rake_thatch,2018-06-14,38.0780623,-121.6479168,1,2606
FC,DSRS610,rake_thatch,2018-06-14,38.07857866,-121.6473808,1,2044
FC,DSRS611,rake_thatch,2018-06-14,38.07909742,-121.6474351,1,86
FC,DSRS612,rake_thatch,2018-06-14,38.07978511,-121.6474159,1,1336
FC,DSRS613,rake_thatch,2018-06-14,38.0802281,-121.6473767,1,3568
FC,DSRS614,rake_thatch,2018-06-14,38.08063064,-121.647459,1,92
FC,DSRS615,rake_thatch,2018-06-14,38.08070991,-121.6482145,1,2918
FC,DSRS616,rake_thatch,2018-06-14,38.08080544,-121.6477211,1,56
FC,DSRS617,rake_thatch,2018-06-14,38.08082464,-121.6486731,1,2566
FC,DSRS618,rake_thatch,2018-06-14,38.08093163,-121.6481712,1,298
FC,DSRS619,rake_thatch,2018-06-14,38.08102404,-121.6477276,1,32
FC,DSRS620,rake_thatch,2018-06-14,38.08110053,-121.6474516,1,3856
FC,DSRS621,rake_thatch,2018-06-14,38.08147453,-121.6474255,1,1914
DI,DSRS622,rake_thatch,2018-06-28,38.08306122,-121.7226969,1,2054
DI,DSRS623,rake_thatch,2018-06-28,38.0831145,-121.723869,1,522
DI,DSRS624,rake_thatch,2018-06-28,38.08314475,-121.7220049,1,2400
DI,DSRS625,rake_thatch,2018-06-28,38.08318733,-121.7231609,1,1216
DI,DSRS626,rake_thatch,2018-06-28,38.08330392,-121.7241678,1,1384
DI,DSRS627,rake_thatch,2018-06-28,38.08330685,-121.7212547,1,2328
DI,DSRS628,rake_thatch,2018-06-28,38.08332911,-121.7218877,1,1096
DI,DSRS629,rake_thatch,2018-06-28,38.08334176,-121.7200897,1,614
DI,DSRS630,rake_thatch,2018-06-28,38.08344947,-121.7196341,1,1424
DI,DSRS631,rake_thatch,2018-06-28,38.08350982,-121.717911,1,1360
DI,DSRS632,rake_thatch,2018-06-28,38.08352709,-121.7197762,1,536
DI,DSRS633,rake_thatch,2018-06-28,38.08357222,-121.7186836,1,2070
DI,DSRS634,rake_thatch,2018-06-28,38.08361677,-121.7191613,1,2498
DI,DSRS635,rake_thatch,2018-06-28,38.08367725,-121.7166971,1,148
DI,DSRS636,rake_thatch,2018-06-28,38.08368253,-121.7208129,1,2310
DI,DSRS637,rake_thatch,2018-06-28,38.08371174,-121.7224306,1,846
DI,DSRS638,rake_thatch,2018-06-28,38.08386086,-121.7168895,1,110
DI,DSRS639,rake_thatch,2018-06-28,38.08392753,-121.7215813,1,1404
DI,DSRS640,rake_thatch,2018-06-28,38.08396475,-121.7202339,1,2244
DI,DSRS641,rake_thatch,2018-06-28,38.08403092,-121.7196188,1,126
DI,DSRS642,rake_thatch,2018-08-15,38.08304613,-121.7238599,1,3758
DI,DSRS643,rake_thatch,2018-08-15,38.08321377,-121.7245191,1,62
DI,DSRS644,rake_thatch,2018-08-15,38.08324122,-121.723425,1,2768
DI,DSRS645,rake_thatch,2018-08-15,38.08325606,-121.7220266,1,1436
DI,DSRS646,rake_thatch,2018-08-15,38.08331293,-121.7199497,1,1260
DI,DSRS647,rake_thatch,2018-08-15,38.08338879,-121.7176913,1,690
DI,DSRS648,rake_thatch,2018-08-15,38.08346753,-121.7205632,1,1414
DI,DSRS649,rake_thatch,2018-08-15,38.08354159,-121.7174793,1,1174
DI,DSRS650,rake_thatch,2018-08-15,38.08354364,-121.7184382,1,98
DI,DSRS651,rake_thatch,2018-08-15,38.08360747,-121.7180691,1,734
DI,DSRS652,rake_thatch,2018-08-15,38.0836221,-121.7186132,1,1596
DI,DSRS653,rake_thatch,2018-08-15,38.08366459,-121.7165531,1,418
DI,DSRS654,rake_thatch,2018-08-15,38.08375256,-121.7199946,1,NA
DI,DSRS655,rake_thatch,2018-08-15,38.08383772,-121.7187949,1,1084
DI,DSRS656,rake_thatch,2018-08-15,38.08389334,-121.7168942,1,3774
DI,DSRS657,rake_thatch,2018-08-15,38.08393705,-121.7197078,1,254
DI,DSRS658,rake_thatch,2018-08-15,38.0840088,-121.719659,1,260
FC,DSRS659,rake_thatch,2018-08-15,38.07750348,-121.647595,1,968
FC,DSRS660,rake_thatch,2018-08-15,38.07752267,-121.6473919,1,2312
FC,DSRS661,rake_thatch,2018-08-15,38.0776479,-121.6474542,1,2146
FC,DSRS662,rake_thatch,2018-08-15,38.0776722,-121.6476879,1,3622
FC,DSRS663,rake_thatch,2018-08-15,38.07772283,-121.6478081,1,2368
FC,DSRS664,rake_thatch,2018-08-15,38.07790275,-121.6474653,1,7032
FC,DSRS665,rake_thatch,2018-08-15,38.07798883,-121.6478167,1,1330
FC,DSRS666,rake_thatch,2018-08-15,38.07809377,-121.6475274,1,NA
FC,DSRS667,rake_thatch,2018-08-15,38.07811929,-121.6478375,1,3402
FC,DSRS668,rake_thatch,2018-08-15,38.0784236,-121.6474542,1,92
FC,DSRS669,rake_thatch,2018-08-15,38.0792809,-121.6474437,1,136
FC,DSRS670,rake_thatch,2018-08-15,38.08000262,-121.6473761,1,1064
FC,DSRS671,rake_thatch,2018-08-15,38.08055922,-121.6485894,1,2206
FC,DSRS672,rake_thatch,2018-08-15,38.08056354,-121.6472608,1,20
FC,DSRS673,rake_thatch,2018-08-15,38.08067422,-121.6480436,1,1938
FC,DSRS674,rake_thatch,2018-08-15,38.08086826,-121.6484173,1,3618
FC,DSRS675,rake_thatch,2018-08-15,38.08087032,-121.6475912,1,194
FC,DSRS676,rake_thatch,2018-08-15,38.08108506,-121.647632,1,780
FC,DSRS677,rake_thatch,2018-08-15,38.08162016,-121.647161,1,4390
FC,DSRS678,rake_thatch,2018-08-15,38.08226696,-121.6431286,1,3892
FI,DSRS679,rake_thatch,2018-08-20,38.26770705,-121.697022,1,10
FI,DSRS680,rake_thatch,2018-08-20,38.26918046,-121.6959501,1,2740
FI,DSRS681,rake_thatch,2018-08-20,38.26945094,-121.6991576,1,782
FI,DSRS682,rake_thatch,2018-08-20,38.26996584,-121.6989294,1,1902
FI,DSRS683,rake_thatch,2018-08-20,38.27010385,-121.6957373,1,758
FI,DSRS684,rake_thatch,2018-08-20,38.27050266,-121.7004621,1,918
FI,DSRS685,rake_thatch,2018-08-20,38.27083836,-121.6979963,1,1846
FI,DSRS686,rake_thatch,2018-08-20,38.27146717,-121.7013357,1,66
FI,DSRS687,rake_thatch,2018-08-20,38.27160425,-121.6967059,1,826
FI,DSRS688,rake_thatch,2018-08-20,38.27237464,-121.6964742,1,664
FI,DSRS689,rake_thatch,2018-08-20,38.27237472,-121.6978954,1,1494
FI,DSRS690,rake_thatch,2018-08-20,38.2729933,-121.7017406,1,380
FI,DSRS691,rake_thatch,2018-08-20,38.27317955,-121.6973613,1,2041.9999999999998
FI,DSRS692,rake_thatch,2018-08-20,38.27327062,-121.7025463,1,1344
FI,DSRS693,rake_thatch,2018-08-20,38.27337531,-121.699475,1,280
FI,DSRS694,rake_thatch,2018-08-20,38.27405152,-121.7000823,1,670
FI,DSRS695,rake_thatch,2018-08-20,38.27424745,-121.7023141,1,2474
FI,DSRS696,rake_thatch,2018-08-20,38.27501146,-121.701042,1,1344
FI,DSRS697,rake_thatch,2018-08-20,38.27547854,-121.7002181,1,742
FI,DSRS698,rake_thatch,2018-08-20,38.27606079,-121.697104,1,528
LH,DSRS699,rake_thatch,2018-08-20,38.24485681,-121.6934152,1,146
LH,DSRS700,rake_thatch,2018-08-20,38.24513919,-121.6915847,1,142
LH,DSRS701,rake_thatch,2018-08-20,38.24560472,-121.6936805,1,702
LH,DSRS702,rake_thatch,2018-08-20,38.24595379,-121.6903985,1,290
LH,DSRS703,rake_thatch,2018-08-20,38.24639786,-121.6891426,1,2628
LH,DSRS704,rake_thatch,2018-08-20,38.24674856,-121.6933556,1,54
LH,DSRS705,rake_thatch,2018-08-20,38.24693954,-121.6915824,1,88
LH,DSRS706,rake_thatch,2018-08-20,38.24702265,-121.6902589,1,298
LH,DSRS707,rake_thatch,2018-08-20,38.24772526,-121.6941838,1,14
LH,DSRS708,rake_thatch,2018-08-20,38.24782878,-121.6888712,1,1788
LH,DSRS709,rake_thatch,2018-08-20,38.24966986,-121.6941892,1,4
LH,DSRS710,rake_thatch,2018-08-20,38.24970578,-121.6906428,1,146
LH,DSRS711,rake_thatch,2018-08-20,38.2503309,-121.6929098,1,4
LH,DSRS712,rake_thatch,2018-08-20,38.25057297,-121.6914555,1,172
LH,DSRS713,rake_thatch,2018-08-20,38.25080326,-121.6902362,1,24
LH,DSRS714,rake_thatch,2018-08-20,38.25183679,-121.6938524,1,758
LH,DSRS715,rake_thatch,2018-08-20,38.25279132,-121.6931499,1,908
LH,DSRS716,rake_thatch,2018-08-20,38.25304907,-121.6916423,1,900
LH,DSRS717,rake_thatch,2018-08-20,38.25423347,-121.693369,1,2
LH,DSRS718,rake_thatch,2018-08-20,38.25475005,-121.6912944,1,14
FI,DSRS719,rake_thatch,2018-10-15,38.26784254,-121.6966385,1,1652
FI,DSRS720,rake_thatch,2018-10-15,38.26909811,-121.6959915,1,32
FI,DSRS721,rake_thatch,2018-10-15,38.26925099,-121.6987922,1,1554
FI,DSRS722,rake_thatch,2018-10-15,38.269841,-121.6992964,1,1372
FI,DSRS723,rake_thatch,2018-10-15,38.2701953,-121.6962401,1,2074
FI,DSRS724,rake_thatch,2018-10-15,38.27053665,-121.698444,1,1162
FI,DSRS725,rake_thatch,2018-10-15,38.27066326,-121.7004203,1,814
FI,DSRS726,rake_thatch,2018-10-15,38.27120595,-121.7010163,1,1656
FI,DSRS727,rake_thatch,2018-10-15,38.27168325,-121.6969913,1,3708
FI,DSRS728,rake_thatch,2018-10-15,38.27199867,-121.7011201,1,1654
FI,DSRS729,rake_thatch,2018-10-15,38.27234857,-121.698006,1,1366
FI,DSRS730,rake_thatch,2018-10-15,38.27330658,-121.699538,1,664
FI,DSRS731,rake_thatch,2018-10-15,38.27387986,-121.7024871,1,1218
FI,DSRS732,rake_thatch,2018-10-15,38.27416027,-121.7000905,1,2186
FI,DSRS733,rake_thatch,2018-10-15,38.27506904,-121.7008334,1,1518
FI,DSRS734,rake_thatch,2018-10-15,38.27519204,-121.6997218,1,1240
FI,DSRS735,rake_thatch,2018-10-15,38.27581616,-121.700318,1,146
FI,DSRS736,rake_thatch,2018-10-15,38.27592161,-121.6975401,1,642
LH,DSRS737,rake_thatch,2018-10-15,38.24493916,-121.6933007,1,1314
LH,DSRS738,rake_thatch,2018-10-15,38.24518609,-121.6945273,1,466
LH,DSRS739,rake_thatch,2018-10-15,38.24549358,-121.6937047,1,552
LH,DSRS740,rake_thatch,2018-10-15,38.24595509,-121.6904322,1,896
LH,DSRS741,rake_thatch,2018-10-15,38.24642313,-121.6934891,1,156
LH,DSRS742,rake_thatch,2018-10-15,38.24665653,-121.6902871,1,806
LH,DSRS743,rake_thatch,2018-10-15,38.24665878,-121.6902878,1,1204
LH,DSRS744,rake_thatch,2018-10-15,38.24675304,-121.6920026,1,526
LH,DSRS745,rake_thatch,2018-10-15,38.24697143,-121.6886427,1,820
LH,DSRS746,rake_thatch,2018-10-15,38.24764316,-121.6938634,1,138
LH,DSRS747,rake_thatch,2018-10-15,38.24791683,-121.688807,1,3534
LH,DSRS748,rake_thatch,2018-10-15,38.24942285,-121.69439,1,1140
LH,DSRS749,rake_thatch,2018-10-15,38.24961454,-121.6909329,1,112
LH,DSRS750,rake_thatch,2018-10-15,38.25027675,-121.693116,1,1390
LH,DSRS751,rake_thatch,2018-10-15,38.25081039,-121.6903879,1,1008
LH,DSRS752,rake_thatch,2018-10-15,38.25180511,-121.6938241,1,3308
LH,DSRS753,rake_thatch,2018-10-15,38.25267142,-121.6932328,1,82
LH,DSRS754,rake_thatch,2018-10-15,38.25293725,-121.691921,1,484
LH,DSRS755,rake_thatch,2018-10-15,38.25411101,-121.6933615,1,90
LH,DSRS756,rake_thatch,2018-10-15,38.2547182,-121.6913577,1,90
DI,DSRS757,rake_thatch,2018-10-18,38.08305196,-121.7238283,1,2330
DI,DSRS758,rake_thatch,2018-10-18,38.08308871,-121.7234297,1,2698
DI,DSRS759,rake_thatch,2018-10-18,38.08311575,-121.7226744,1,1548
DI,DSRS760,rake_thatch,2018-10-18,38.08316713,-121.7220819,1,6280
DI,DSRS761,rake_thatch,2018-10-18,38.08325635,-121.7200465,1,5552
DI,DSRS762,rake_thatch,2018-10-18,38.08331557,-121.718289,1,1806
DI,DSRS763,rake_thatch,2018-10-18,38.0833504,-121.7188788,1,1828
DI,DSRS764,rake_thatch,2018-10-18,38.08336789,-121.7239528,1,1324
DI,DSRS765,rake_thatch,2018-10-18,38.08337387,-121.7221638,1,1146
DI,DSRS766,rake_thatch,2018-10-18,38.08338569,-121.7216222,1,1580
DI,DSRS767,rake_thatch,2018-10-18,38.08343296,-121.7191955,1,3070
DI,DSRS768,rake_thatch,2018-10-18,38.0835102,-121.7175534,1,3706
DI,DSRS769,rake_thatch,2018-10-18,38.08360697,-121.718802,1,2770
DI,DSRS770,rake_thatch,2018-10-18,38.08360776,-121.7207235,1,3030
DI,DSRS771,rake_thatch,2018-10-18,38.08366757,-121.7222215,1,792
DI,DSRS772,rake_thatch,2018-10-18,38.08367096,-121.7196997,1,2216
DI,DSRS773,rake_thatch,2018-10-18,38.0837485,-121.7216801,1,1396
DI,DSRS774,rake_thatch,2018-10-18,38.08376681,-121.718184,1,560
DI,DSRS775,rake_thatch,2018-10-18,38.08386295,-121.7200491,1,222
DI,DSRS776,rake_thatch,2018-10-18,38.0839966,-121.7192812,1,372
FC,DSRS777,rake_thatch,2018-10-18,38.07686655,-121.647309,1,1996
FC,DSRS778,rake_thatch,2018-10-18,38.07687387,-121.6476311,1,2310
FC,DSRS779,rake_thatch,2018-10-18,38.07715462,-121.6476217,1,2284
FC,DSRS780,rake_thatch,2018-10-18,38.07725512,-121.6475115,1,180
FC,DSRS781,rake_thatch,2018-10-18,38.07758139,-121.6477617,1,30
FC,DSRS782,rake_thatch,2018-10-18,38.07783481,-121.6478378,1,12
FC,DSRS783,rake_thatch,2018-10-18,38.07784764,-121.6474426,1,5324
FC,DSRS784,rake_thatch,2018-10-18,38.07806515,-121.6476167,1,2914
FC,DSRS785,rake_thatch,2018-10-18,38.07813447,-121.646924,1,2536
FC,DSRS786,rake_thatch,2018-10-18,38.07853772,-121.647392,1,2136
FC,DSRS787,rake_thatch,2018-10-18,38.07921829,-121.6473609,1,6240
FC,DSRS788,rake_thatch,2018-10-18,38.07997978,-121.6473763,1,1840
FC,DSRS789,rake_thatch,2018-10-18,38.08057523,-121.648634,0,0
FC,DSRS790,rake_thatch,2018-10-18,38.08063185,-121.6473591,1,1552
FC,DSRS791,rake_thatch,2018-10-18,38.08069187,-121.6483022,1,840
FC,DSRS792,rake_thatch,2018-10-18,38.08089572,-121.6482092,1,7158
FC,DSRS793,rake_thatch,2018-10-18,38.08098431,-121.6474931,1,1744
FC,DSRS794,rake_thatch,2018-10-18,38.08103075,-121.6476788,1,1170
FC,DSRS795,rake_thatch,2018-10-18,38.08136338,-121.6474042,1,54
FC,DSRS796,rake_thatch,2018-10-18,38.08267555,-121.6461278,1,1476
FI,DSRS797,rake_thatch,2018-12-11,38.26824651,-121.697072,1,NA
FI,DSRS798,rake_thatch,2018-12-11,38.26907015,-121.6958762,1,552
FI,DSRS799,rake_thatch,2018-12-11,38.26923679,-121.6988868,1,468
FI,DSRS800,rake_thatch,2018-12-11,38.27029261,-121.6960207,1,3814
FI,DSRS801,rake_thatch,2018-12-11,38.27037899,-121.6981903,1,794
FI,DSRS802,rake_thatch,2018-12-11,38.27078195,-121.7004104,1,154
FI,DSRS803,rake_thatch,2018-12-11,38.27109262,-121.7012355,1,688
FI,DSRS804,rake_thatch,2018-12-11,38.2717439,-121.6967628,1,2376
FI,DSRS805,rake_thatch,2018-12-11,38.27205713,-121.6973894,1,2132
FI,DSRS806,rake_thatch,2018-12-11,38.27232158,-121.6979905,1,1438
FI,DSRS807,rake_thatch,2018-12-11,38.2724761,-121.6967986,1,730
FI,DSRS808,rake_thatch,2018-12-11,38.27315461,-121.6968411,1,1072
FI,DSRS809,rake_thatch,2018-12-11,38.27327209,-121.6977553,1,1088
FI,DSRS810,rake_thatch,2018-12-11,38.27328462,-121.6996659,1,430
FI,DSRS811,rake_thatch,2018-12-11,38.27403911,-121.6999763,1,592
FI,DSRS812,rake_thatch,2018-12-11,38.2740537,-121.7028851,1,NA
FI,DSRS813,rake_thatch,2018-12-11,38.27487378,-121.7008685,1,1768
FI,DSRS814,rake_thatch,2018-12-11,38.2751376,-121.7002972,1,702
FI,DSRS815,rake_thatch,2018-12-11,38.27583448,-121.700156,1,216
FI,DSRS816,rake_thatch,2018-12-11,38.2759921,-121.697511,1,844
LH,DSRS817,rake_thatch,2018-12-11,38.24499473,-121.6928582,1,474
LH,DSRS818,rake_thatch,2018-12-11,38.24510361,-121.6913748,1,834
LH,DSRS819,rake_thatch,2018-12-11,38.24550871,-121.6934379,1,196
LH,DSRS820,rake_thatch,2018-12-11,38.24600295,-121.6904024,1,478
LH,DSRS821,rake_thatch,2018-12-11,38.24680543,-121.6905565,1,210
LH,DSRS822,rake_thatch,2018-12-11,38.24686142,-121.6922091,1,434
LH,DSRS823,rake_thatch,2018-12-11,38.24701607,-121.6887909,1,484
LH,DSRS824,rake_thatch,2018-12-11,38.24772354,-121.6887131,1,280
LH,DSRS825,rake_thatch,2018-12-11,38.2479732,-121.6934596,1,1082
LH,DSRS826,rake_thatch,2018-12-11,38.2494876,-121.6941812,1,490
LH,DSRS827,rake_thatch,2018-12-11,38.24989341,-121.6907284,1,116
LH,DSRS828,rake_thatch,2018-12-11,38.25062117,-121.6931333,1,546
LH,DSRS829,rake_thatch,2018-12-11,38.25069585,-121.6917837,1,610
LH,DSRS830,rake_thatch,2018-12-11,38.25104881,-121.6905122,1,224
LH,DSRS831,rake_thatch,2018-12-11,38.25173722,-121.6937321,1,746
LH,DSRS832,rake_thatch,2018-12-11,38.25250374,-121.6936474,1,2562
LH,DSRS833,rake_thatch,2018-12-11,38.25290976,-121.6920876,1,1026
LH,DSRS834,rake_thatch,2018-12-11,38.25364737,-121.6935883,1,304
LH,DSRS835,rake_thatch,2018-12-11,38.254346,-121.6936296,1,80
LH,DSRS836,rake_thatch,2018-12-11,38.25493797,-121.691315,1,202
DI,DSRS837,rake_thatch,2018-12-19,38.08301483,-121.7239912,1,3976
DI,DSRS838,rake_thatch,2018-12-19,38.08320862,-121.7234781,1,3428
DI,DSRS839,rake_thatch,2018-12-19,38.08323578,-121.7227346,1,3184
DI,DSRS840,rake_thatch,2018-12-19,38.08325744,-121.7231663,1,NA
DI,DSRS841,rake_thatch,2018-12-19,38.08339118,-121.7194043,1,2592
DI,DSRS842,rake_thatch,2018-12-19,38.08339436,-121.7239517,1,1544
DI,DSRS843,rake_thatch,2018-12-19,38.08339641,-121.7201504,1,1602
DI,DSRS844,rake_thatch,2018-12-19,38.08341083,-121.7221093,1,4362
DI,DSRS845,rake_thatch,2018-12-19,38.0834128,-121.7185774,1,1858
DI,DSRS846,rake_thatch,2018-12-19,38.08353874,-121.7216852,1,2037.9999999999998
DI,DSRS847,rake_thatch,2018-12-19,38.08359486,-121.7176783,1,1946
DI,DSRS848,rake_thatch,2018-12-19,38.08366313,-121.7171955,1,1854
DI,DSRS849,rake_thatch,2018-12-19,38.08366904,-121.7181618,1,1840
DI,DSRS850,rake_thatch,2018-12-19,38.08367888,-121.7224126,1,3538
DI,DSRS851,rake_thatch,2018-12-19,38.08371074,-121.7192953,1,1784
DI,DSRS852,rake_thatch,2018-12-19,38.08375101,-121.7200074,1,1516
DI,DSRS853,rake_thatch,2018-12-19,38.08375973,-121.7220102,1,1028
DI,DSRS854,rake_thatch,2018-12-19,38.08376367,-121.7208379,1,1790
DI,DSRS855,rake_thatch,2018-12-19,38.0838091,-121.7189146,1,1500
DI,DSRS856,rake_thatch,2018-12-19,38.08387108,-121.7193577,1,1760
FC,DSRS857,rake_thatch,2018-12-19,38.07733772,-121.6475418,1,292
FC,DSRS858,rake_thatch,2018-12-19,38.07740947,-121.6477006,1,4043.9999999999995
FC,DSRS859,rake_thatch,2018-12-19,38.07754283,-121.6474726,1,1484
FC,DSRS860,rake_thatch,2018-12-19,38.077601,-121.6476725,1,2790
FC,DSRS861,rake_thatch,2018-12-19,38.0777888,-121.6474467,1,4356
FC,DSRS862,rake_thatch,2018-12-19,38.07781239,-121.6475894,1,2328
FC,DSRS863,rake_thatch,2018-12-19,38.07787643,-121.6477682,1,372
FC,DSRS864,rake_thatch,2018-12-19,38.0779113,-121.6476728,0,0
FC,DSRS865,rake_thatch,2018-12-19,38.07793171,-121.6474469,1,664
FC,DSRS866,rake_thatch,2018-12-19,38.07820064,-121.6475322,1,32
FC,DSRS867,rake_thatch,2018-12-19,38.07832411,-121.6474548,1,3086
FC,DSRS868,rake_thatch,2018-12-19,38.07937075,-121.647451,0,0
FC,DSRS869,rake_thatch,2018-12-19,38.07991055,-121.6473718,1,844
FC,DSRS870,rake_thatch,2018-12-19,38.08036594,-121.647359,1,68
FC,DSRS871,rake_thatch,2018-12-19,38.08052448,-121.648655,1,1470
FC,DSRS872,rake_thatch,2018-12-19,38.08071852,-121.6482105,1,2552
FC,DSRS873,rake_thatch,2018-12-19,38.0807904,-121.6476855,1,842
FC,DSRS874,rake_thatch,2018-12-19,38.08087543,-121.6485235,1,2632
FC,DSRS875,rake_thatch,2018-12-19,38.08092036,-121.6480322,1,12
FC,DSRS876,rake_thatch,2018-12-19,38.08106293,-121.6476272,1,NA
